,data_comment,data_relay,data_support,data_text,data_time
0,595,2150,1749,"置顶 好多新来的朋友反映翻不到食谱，做了一个小汇总，都是近期的。
附上微博食谱地址，这些都可以通过私信索取，
在私信中，输入关键词即可收到自动回复。
但是不要用私密消息，系统不识别哦！

用到的工具模具，可以手机TB搜索【兔子de烘焙杂货铺】 铺号87117583
个别找不到可以直接评论或丢图问我哈！...展开全文c",4月17日 13:29
1,9,2,11,看到了绝版圆模,今天 13:47
2,3,2,5,又圆又脆。讲真，我做这个要特地做一大锅饭才够,今天 13:46
3,7,16,19,还可以夸博主瘦,今天 13:40
4,3,1,6,加了洋葱的馕也好吃！太能干怪不得沐沐肉嘟嘟,今天 13:35
5,1,转发,3,不是秒变是本来就有大厨天赋！,今天 13:34
6,10,转发,13,说了可以用打蛋器搅面钩啦。不过注意看打蛋器功率，防止过热烧坏。,今天 13:33
7,34,5,66,还能愉快的吸个火锅吗？为什么吃完饭在门口看见这个！你不觉得扎心吗？！@海底捞火锅 你们这样很容易失去我的,8月11日 19:54
8,72,1,37,有没有植物咖帮看看我这个是啥品种薄荷。不会又种了猫薄荷了吧，养了就是为了吃！想要凉凉的,8月11日 16:24
9,10,49,74,其实大盘鸡应该放多点干辣椒，香料也可以下锅跟鸡块一起爆炒（香料是否爆炒再炖试过真的区别不大），但是俺家豌豆只能吃一点点辣，所以一般菜谱都是【会写不会放的】。俺的#不正宗家常菜# 都不保证正宗。我觉得好吃好做就分享咯~~~各位国菜传人正宗党求放过哈！,8月10日 19:25
10,12,转发,20,我现在每天花式做菜啊。因为天热豌豆也是各种挑嘴啊,8月10日 15:17
11,4,2,19,别以为我没看见你把俺家烤箱手套垫锅下面了！因为，我经常这么干啊,8月10日 15:16
12,5,转发,9,馋人！话筒给你，说一下做法好不好,8月10日 15:11
13,4,1,16,好美，我来迟啦,8月10日 15:09
14,4,转发,15,你这个也没多少饭大肉团,8月10日 15:08
15,1,转发,10,看到啦看到啦,8月10日 15:07
16,7,转发,12,都有货都有货。其实熟练了觉得卷起时间还是充裕的呢。,8月10日 15:06
17,93,368,373,"#厨房的诱惑#盘子越大越好吃的【大盘鸡】
吃光鸡肉再来一碗裹着汤汁的biangbiang面，滑爽入味就没谁了~
#不正宗家常菜# @鲜城
L八卦兔JadeCw的秒拍视频",8月10日 14:30
18,15,转发,84,天佑中华，四川平安！,8月8日 22:34
19,19,16,23,艾玛，熟悉的的旋律，却shi一样的味道。好生气！干嘛抄袭偶魔道同人曲,8月8日 17:59
20,234,17,853,"自家老公的摄影角度真可怕。我说你帮我拍一下锅里的鸡肉啊！！
请问我是长颈鹿嘛！！是长颈鹿嘛？
今天真的不想发食谱。我也不想说话！",8月8日 13:26
21,42,转发,113,老爸做的卤鸭胗真是堪比某某鸭。我下回要偷师一把,8月7日 17:56
22,29,4,35,图2有点萌,8月6日 20:48
23,4,2,17,我才发现你交了好多作业啊,8月6日 20:46
24,5,转发,17,感谢阿姨的肯定,8月6日 20:41
25,4,25,31,你的小罐纸好萌啊,8月6日 20:38
26,5,转发,14,只是低油啦。偶不虚假宣传哒。,8月6日 20:38
27,7,转发,30,哈哈你家娃也叫豌豆嘛 母亲是一种神奇的物种，遇强则刚，遇肉就胖,8月6日 20:36
28,8,转发,14,备战备荒，广积粮屯香肠,8月6日 20:33
29,18,转发,60,"操心装不满，担心吃不完。
爱你们！！",8月6日 17:59
30,35,转发,56,当初谁说俺会装不满来着！哼,8月6日 17:32
31,19,169,40,人命关天我还是再转一把。能救一个是一个啊,8月5日 20:41
32,17,66,51,馕饼配方可以看这边哈。 虽然发的早，配方依然好(●◡●)（嘚瑟）,8月5日 20:34
33,4,转发,33,看见没？我也是治愈系的。治愈一切不爱吃饭,8月5日 20:21
34,评论,5,18,一点不迟相当好,8月5日 20:17
35,6,转发,15,炸鸡的烤箱版会有不同。拖延症的的我一直没完成,8月5日 20:16
36,26,37,40,今天大家都约好了做小馒头嘛,8月5日 20:14
37,2,转发,11,鲜奶小馒头！完美,8月5日 20:13
38,5,转发,10,俺的最爱之一啊,8月5日 20:13
39,66,80,28,爱吃田螺的请当心！仔细分辨福寿螺！寄生虫hin可怕。另外其实蜗牛类，螺丝类，小龙虾这些如果要吃请一定确保彻底煮熟！,8月4日 18:53
40,3,2,24,居然做了三种呢！,8月4日 15:55
41,29,转发,81,"#电影战狼2#老爸出差回来，一早全家二刷战狼。老妈感叹上一次我们一家三口一起进影院竟然是看泰坦尼克号，一晃20年了。因为喜欢题材不同，难以同步，直到《战狼2》上映。朋友说其实电影也不乏瑕疵，诚然如此，但是这部电影绝对够的“上乘”二字，而且是走心的，而不是走胃的。
所以才会出现 ...展开全文c",8月4日 15:47
42,202,1518,1606,"#不可辜负的美食# 有颜又有料！人人都能包的大！饭！团！
虽然是简简单单的材料，但是用海苔包起来就感觉更加好吃了呢！需要赶紧转存收~
方便携带，可以便当可以野餐，还能治愈宝宝不爱吃饭的饭团做法，
视频戳：L八卦兔JadeCw的秒拍视频
图文做法：图5-6~",8月3日 13:44
43,183,1149,1563,"#厨房的诱惑#人靠衣装饭靠包装，包起来真的更好吃了呢！不信你shishi？
L八卦兔JadeCw的秒拍视频
NA级海苔 10枚10张 寿司材料 海飘寿司海苔 紫...",8月3日 13:37
,data_comment,data_relay,data_support,data_text,data_time
0,11,4,20,"#香烤花蛤#材料：花蛤 900克，香葱50克，红辣椒10克，青椒，香菜，姜丝，蒜片适量，盐，料酒，白糖，生抽少许。
做法：1.把姜切丝，大蒜切片，香葱切段，红椒切丝（喜欢吃辣的可以用小米辣或者其它辣一些的辣椒，我这里换成了红椒丝）。
2.锅中倒少许底油，放入葱姜蒜，煸炒出香味。
3.倒入花蛤，然后 ...展开全文c",今天 14:32
1,53,1,73,新周早餐，菠萝饭，白灼秋葵，红豆汤，李子。 下了两天雨，早晨起来也没那么热了，所以早晨起来特意做了涵爸爱吃的菠萝饭，搭配上热乎乎的红豆汤，吃起来超舒服。假期终于快过完了 今年这个暑假感觉前所未有的累，真希望可以好好休息休息。,今天 09:21
2,76,转发,26,我真的特别不想跟涵爸一起看电视，为什么呢，因为他永远都是絮絮叨叨的问个不停的人，每次问完他就走也根本不看下去，基本他的电视剧都是问我知道的根本不是自己看的。所以他今天无论问我什么，我都不想接他话。刚看他又问我这期都是谁在啊，是赵薇黄晓明吗，这个老太太是谁啊，看起来有点岁数大，你看 ...展开全文c,8月12日 22:14
3,137,11,94,"#喜马拉雅#上百合雨儿的节目《百合雨儿 2017-08-10 22:09》，快来听一听吧!
想说的太多，能表达出来的又太少，但希望能分享给你们所需要的内容。K百合雨儿 2017-08-10 22:09（分享自@喜马拉雅FM）",8月11日 00:46
4,69,转发,65,"明天是跟某人的领证纪念日，想留下一个有一点点意义的纪念。所以打算录一期音频节目，唠唠我们这十多年的婚姻。
刚才试了一下，录了2分钟不是笑场就是不知道从哪里说起。想问问你们有什么想听的内容吗？或者分享婚姻中哪方面的一些感悟。可以留言，明晚我们正式开录",8月9日 23:30
5,8,1,5,恭喜@燄-时光记 1名用户获得【电风扇一台】。微博官方唯一抽奖工具@微博抽奖平台 对本次抽奖进行监督，结果公正有效。公证链接：O微博抽奖平台,8月8日 21:32
6,53,13,36,推荐一个非常好用的油烟清洁剂，今天很无意的发现天 猫竟然这么便宜。好像满99就减50，所以你们可以任意搭配其它喜欢的，这价格够劲爆。前段我买别人团 购这款清洁剂单瓶就是39.9。现在活 动完真是够便宜的。,8月8日 14:54
7,57,10,172,特别特别感谢@宜家家居IKEA 带着孩子来玩，两个孩子把包丢了，里面有一个苹果手机和ipad，以为肯定丢了。没想到有好心顾客捡到并且归还，还一直打电话联络我。特别特别感谢本想感谢一下捡到物品的好心人，可是联络到他的时候他已经走了。真心感谢,8月8日 13:12
8,9,8,5,今天晚上给你们抽 奖,8月8日 08:26
9,3,1,5,你们喜欢就好,8月8日 08:25
10,109,5,142,早餐，麻酱红糖饼，蔬菜沙拉，红豆薏仁粥，� 一转眼都到立秋节气，今早吃的放了芝麻酱和红糖烙饼，跟红豆薏米粥真是绝搭。新周愉快,8月7日 08:26
11,40,2,94,"#周末食# 烤花蛤，蒜蓉粉丝蒸扇贝，杏鲍菇炒肉，葱爆香辣虾，大拌菜，
烤花蛤的具体做法今天会更新在公众微信号里，其实刚烤出来更漂亮更香。等其它菜做好在拍照已经稍微逊色些了。但味道真的超好涵爸买的虾也非常鲜，要炒红焖的后来一想还是原汁原味最香。",8月5日 16:56
12,37,转发,32,"“吃完饭了，俩人又要吃�️�”L百合雨儿的秒拍视频 (使用#秒拍#录制,免流量看热门短视频!)",8月4日 19:46
13,32,转发,23,"“今天姑姑来了，也有弟弟� 玩完了，弟弟来了句，我也该吃正餐了�”L百合雨儿的秒拍视频 (使用#秒拍#录制,免流量看热门短视频!)",8月4日 18:58
14,111,147,141,"#自制黄桃罐头#用了我说的方法，自制黄桃罐头常温保存至少可保持一年不坏。更详细的的内容可看图️我的公 众微 信账号更多的内容介绍。
你只需要准备黄桃，冰糖和水即可，无论你会不会做饭都可以做好的一样菜谱。还等什么赶紧做起来！",8月3日 09:43
15,5,1,14,我竟然才看到这条，以后你吃辣酱我包圆了,8月2日 23:17
16,18,转发,39,"刚才外面下大暴雨，听说地铁站都被淹了。给涵爸看网上的视频，我说：你看雨竟然下这么大。
他来句，你要在那可完了。
没反应过来，我还傻笑呢。
回过神来问他，“凭啥我要在那，凭啥我就回不来。你盼我点好行吗！那我回不来，你救我吗？”
他：当然救你了，我划条船救你去。
我此时已经不想跟他开玩笑 ...展开全文c",8月2日 22:30
17,37,2,20,"关于公 众 号不能留言，是因为这是刚注册的号，需要发一段时间的文章才可以有留言功能。但其实目前你们在账号里图️直接打字我也能看到的。
另外，我已经归类好了目图️录，但是到页面看竟然没有显示。
你们可以按照图️，画红圈的地方进入，然后点图️，就能看能到目前发的所有菜谱了。
...展开全文c",8月2日 14:16
18,74,195,33,"高颜值的循环小风扇具体介绍在图️
方式是报暗号“百合雨儿”，店 铺链 接我放评论中。
优惠后价格是99，关 注我+转 发，8月8抽 奖送 图️",8月2日 13:18
19,39,转发,43,"今天菜谱已更新，昨天刚弄好公众号，我会陆续更新，写一些你们喜欢的菜谱。
另外，可能因为是新号还没有显示你们留言的功能，但是昨天收到了超多留言，谢谢你们的鼓励与支持超级温暖",8月1日 20:32
20,5,转发,8,要用起来哦,8月1日 18:30
21,109,3,151,早餐，肉夹馍，蒸南瓜，拌秋葵，乌梅凉粥，黄油桃。 肉夹馍除了在做的时候弟弟和姐姐就拿走吃的三个，我们一家竟然一顿早餐吃了10个肉夹馍，当然咱的饼可能比外面的小点，肉稍微少一点，但是当我发现抢到最后一个的时候真是服了，弟弟一个小人吃了三个姐姐吃了三个，我跟他爸只吃到了两 ...展开全文c,8月1日 10:07
22,32,1,30,"#开心一刻#老公你把充电器递给我一下……涵涵你把充电器给爸爸拿过来……弟弟你把充电器拿过来给姐姐
然后绕了一圈终于到我手里了",7月31日 23:16
23,87,1,101,#日常#7月就在这些零碎的小片段中度过,7月31日 13:41
24,17,转发,11,哇看的我都馋了,7月31日 13:06
25,60,转发,56,"#家有熊孩儿#今天晚上带姐弟俩洗澡弟弟在浴室疯玩，最后玩了个邪乎的从马桶上往下滑。姐姐还专门给他讲了危险性（姐姐小时候也这么玩结果磕了后脑勺好大一个包）。我又吓唬了吓唬他，总算老实了。
没想到过了一会姐姐在洗头，我正好洗脸水都没有看弟弟，他又开始滑。“咣”一声，瞬间弟弟捂着脑袋 ...展开全文c",7月30日 23:57
26,5,转发,2,恭喜@青涩LM0N 1名用户获得【小电风扇一台】。微博官方唯一抽奖工具@微博抽奖平台 对本次抽奖进行监督，结果公正有效。公证链接：O微博抽奖平台,7月30日 21:47
27,44,3,103,"周末伙食，红烧肉烧豆干，酸菜鱼，拌菜丝，素炒茄丝，杂粮饭。最近弟弟吃的饭是全家最多的，当然我们四口用的都是小碗,我和涵爸不想多吃，结果弟弟碗里的饭就成了最多的。每次他都很认真的吃，经常吃着吃着我们三个就都看着他吃，感觉他吃饭香的不得了。弟弟也总不负众望总是第一个吃完饭并且吃的特别 ...展开全文c",7月30日 17:29
28,66,转发,106,周末������‍♀️,7月29日 19:00
29,13,2,8,恭喜@喻言家 1名用户获得【摩飞果汁机一台】。微博官方唯一抽奖工具@微博抽奖平台 对本次抽奖进行监督，结果公正有效。公证链接：O微博抽奖平台,7月28日 21:03
30,156,12,294,给你们讲个笑话啊，这个暑假我们原本是计划去日本的，因为签证时间的问题还有某人根本不想去的原因作祟，最终也没去成。然后我们改成去上海玩迪士尼，结果因为天气暴热又不去了，我们又改成附近的南戴河。昨天采购完吃的，收拾好衣服，突然想想她俩不就是想玩沙子嘛，干嘛要开300多公里去呢，直接附近 ...展开全文c,7月28日 11:54
31,25,转发,8,尝了吗？可否喜欢,7月27日 19:06
32,8,4,13,刚接到商家通知，图9的电风扇可以开 团了，等我下周回来团 价99,7月27日 17:49
33,92,4,63,"最近有点放飞自我，事实证明一胖毁所有。
无论是明星还是普通人，胖了不仅身体不健康，人还显得又老又难看。
套用薇姐的话说，我不是易胖体质，我是吃的比常人多

这个夏天因为太热，我不仅没瘦又胖回几斤，要开始新一轮的减肥了[加油]今年我减不下去就不活了",7月26日 21:37
34,48,2,93,早餐，肉包子，月饼，紫米荞麦粥，盐鸭蛋，酱黄瓜，泡菜。 吃到了@殿殿and麦田 做的四味月饼，每个味道都好吃，尤其最爱抹茶味,7月26日 09:53
35,203,328,58,"你们等的多士炉团 购来啦，具体介绍在图️
方式是报暗号“百合雨儿”，店 铺我放评论中。
价格是1080，关 注我+转 发，7月30抽 奖送 图️

这款小巧的多士炉更适合平时不常用大烤箱烘焙，并且上班没时间做饭的人群。它不用预热的技术，可以大大减少你们做各种美食的节奏。

本款烤箱不适合烤面 ...展开全文c",7月25日 09:12
36,1,1,1,8月课程马上就要开始啦,7月24日 20:59
37,33,1,101,"最近得了一种严重疾病，名叫“拖延症”，已到了无药可救的地步怎么办
谁来救救我！
天天一登陆微信就是各种留言，我欠的菜谱好像越来越多，还债的路越走越远……（P:目前的微信号已经加满，很抱歉没办法再加了。）
未来一段会很忙碌谁说家庭主妇没工作的",7月24日 18:52
38,59,1,36,差点忘记说了，明天上午十点少量上 架。本来买了上百多个瓶子，还有包装 箱。醋啊，糖啊，盐啊也买了好多，准备好好做一批尽量让你们都买到。结果辣椒，辣椒竟然没有卖的我一周内天天去菜市场，被告知因为太贵所以一直没进货。那就什么时候买到什么时候做也谢谢大家这么喜欢吃,7月24日 16:41
39,79,2,94,新周早餐，烙饼，清炒小油菜，醋泡黑豆，鸡心黄皮果，番茄蛋花汤。 今天番茄蛋花汤做的特别好喝，弟弟一个人就喝两大碗，然后每个人喝汤的时候都会说一句真好喝，每次被他们夸奖还是超级开心的。鸡心黄皮果是第一次吃，上上周正好肠胃不好的时候看到@kiki的DIY美食 发的图一下就被吸引了，酸酸 ...展开全文c,7月24日 09:23
40,204,382,64,果汁机第五 团啦！最近问我的人又很多，所以再开一次。转 发并关注我，7月28号抽 一台送。抽中购 买者，免 单！屏蔽链   接我会发评论中。 也谢谢大家这么信任和喜欢,7月23日 13:19
41,63,1,108,其实我们涵涵小时候还是蛮漂亮的，就是上学后有点胖有点长列巴了，不过今年好像又长回来了,7月22日 13:18
42,35,1,92,图️，她7岁他1岁。图️️，她8岁，他2岁。图️，她9岁，他3岁。图️，她10岁，他4岁。图️️️，她10岁，他4岁。,7月22日 13:12
43,37,3,116,翻看她俩的照片特别感慨，一年一年两个人就这么长大了，在一起的照片还是拍的太少太少。有些照片现在回头来看，拍的是真不怎么样，但是记录本身就是最后意义的。爱你们，等你们俩长大了一起看,7月22日 13:00
,data_comment,data_relay,data_support,data_text,data_time
0,737,408,1180,置顶 非常感谢大家的鼓励~~画新菜谱的过程中，抽空把以前的也修改了一下，字体改大了，步骤有不合理的都重新画过了，和新的一起发一下。可以点击查看大图，还看不清的话，右上角有个查看原图，清晰度还可以的~ 请多提宝贵的意见和建议~,2014/8/15 9:22
1,275,18,197,"哆啦a梦先吃
机器猫豆沙包，
还有蓝胖胖最爱的铜锣烧~
搭配香蕉，
蓝莓，
咖啡~
周一早呀~~...展开全文c",今天 08:39
2,76,165,202,大家老问我都买的什么天然色粉，统一发一次吧，赤橙黄绿蓝紫黑，全了~~马上又到做各色蛋黄酥的季节了,8月13日 11:21
3,143,1,38,好多人反应上次没看到，所以下周会再团一次，这回不要再错过了,8月11日 16:15
4,198,3,51,这四种颜色大家更喜欢哪个呢，石墨灰、芥末黄、樱桃红还有黑色~~staub珐琅铸铁锅颜色太多，我先选出来了这四种，个人最喜欢石墨灰~,8月11日 15:50
5,206,268,292,"呆萌的龙猫家族豆沙包配方来啦~
精心整理了几个小时
想着赶在周末前写出来~
想说的都在方子里了，
建议仔细看两遍再做~~
这个量有点大，
可以自行调整，...展开全文c",8月11日 09:14
6,342,13,159,"早呀
周四简单食~
蓝天白云戚风蛋糕/
咖啡/
蔬菜沙拉/
山竹/
戚风的蓝色是蝶豆花粉调出来的~...展开全文c",8月10日 09:38
7,329,24,301,"周二早餐~
龙猫家族豆沙包/
煮彩蔬挂面/
搭配香蕉豆奶/
无花果/
#不可辜负的美食# ...展开全文c",8月8日 09:14
8,119,25,165,"步骤图~心形夹心吐司汉堡的~
六色戚风蛋糕切成和吐司片一样薄厚的蛋糕片，
然后用大小两种心形模具凹造型就可以了~",8月7日 08:04
9,357,12,230,"周五啦O(∩_∩)O~

这两天又开始炎热起来，
继续蒸桑拿的三伏天
早上起来做了两碗烧仙草，
搭配心形夹心吐司汉堡，
还捏了两只小饭团，...展开全文c",8月4日 09:14
10,307,373,387,"周四早呀~
新整理了配方，
抹茶旋风吐司夹心蛋糕，
名字好长
也可以叫它绿钻吐司，
黑钻吐司的升级版~
名字无所谓啦，...展开全文c",8月3日 08:01
11,331,25,226,"猫宁ing
绿色系美味~
抹茶戚风双拼吐司，
(´･･`)我也不知道起什么名字啦，
里面一圈圈的是面包，
外面绿色的是抹茶戚风，
面包蛋糕的双重口感~...展开全文c",8月1日 08:27
12,520,36,357,"新周早安~~
早餐
新尝试的彩虹戚风，
还有杂蔬炒彩虹意面，
搭配无花果，
抹茶豆浆~
红色→红曲粉...展开全文c",7月31日 09:01
13,331,15,203,"早呀~
好几天没见的早餐
黑芝麻面包卷，
咖啡，
樱花寿司，
椰子汁，
凉拌菜~...展开全文c",7月28日 08:20
14,1522,16,49,紫薯面包#吃好早餐#@东菱电器官方微博#慧绘美食记#（来自L一直播:_慧绘美食记_正在直播）APP下载地址：O网页链接 2北京,7月23日 20:19
15,167,13,32,真紫薯面包#吃好早餐#@东菱电器官方微博#慧绘美食记#（来自L一直播:_慧绘美食记_正在直播）APP下载地址：O网页链接 2北京,7月23日 20:05
16,338,347,483,"早呀
真紫薯面包的配方整理好了
低油低糖比较健康的一款，
建议多看两遍做到胸有成竹了再开动~
这个星期天23日晚8点直播这款面包，
有时间的一起来玩吧，
有礼物送~...展开全文c",7月21日 07:51
17,317,8,170,"猫宁ing~
早餐用梅花吐司做了牛油果三明治，
炒彩虹果蔬空心面，
搭配酸梅汤，
小西红柿~
吃饱饱出门上班啦...展开全文c",7月20日 08:52
18,303,20,195,"早呀~
西瓜吐司/
田园南瓜饭/
酸梅汤~
现在的小南瓜很甜很面，
挖一勺炒饭，
再挖一勺南瓜，...展开全文c",7月19日 08:19
19,331,15,221,"早安~~
熊猫蛋糕卷/
酸梅汤/
白灼芥蓝/
南瓜粥/
橙子/
葡萄~...展开全文c",7月18日 08:16
20,420,41,329,"昨夜下了一场雨，
连续几天的高温终于降下来了
凉爽又舒适的清晨~早安呀~
早餐在吐司上作了几幅小画，
彩绘水果吐司，
能看出来都是什么吗
还捏了两个小鸡造型牛肉汉堡，...展开全文c",7月14日 08:09
21,155,145,151,"大白枣泥面包~
配方整理好了
夏天揉面一定要注意温度，
面团28度就开始发酵了，
我都是开着空调揉的
如果觉得面团温度高了，
可以先盖保鲜膜放冰箱冷藏一会再揉~...展开全文c",7月13日 08:06
22,483,11,76,悄悄的问一句，近期有需要买海氏hm770厨师机和c40烤箱的吗��可以申请到粉丝专享优惠，史上最低价,7月12日 21:21
23,293,83,521,那些蔬菜和水果~��,7月11日 12:34
24,470,16,291,"新尝试的紫薯造型面包~
从里到外都是紫薯做哒
低油低糖~
好像生紫薯摆上来一样，
不提前说明的话，
会很有趣吧
早餐...展开全文c",7月11日 08:30
25,258,10,213,新周早安~~,7月10日 08:27
26,311,389,523,"一些有趣的蛋糕切面~

*西瓜蛋糕  O网页链接

*抹茶旋风蛋糕卷  O网页链接
直播 O网页链接
...展开全文c",7月7日 08:27
27,278,14,202,"(づ●─●)づ (●––●)
早~~
大白枣泥面包/
火龙果思慕雪/
五彩葱油面/
核桃/
今天的蔬菜藏在面里~...展开全文c",7月6日 08:18
28,322,17,208,"早
说好的雨终于下了，
驱走了些许炎热，
太喜欢雨后清晨的清新舒适感了~
夏日里的早餐，
吃的越来越早，
也越来越少...展开全文c",7月4日 08:11
29,403,102,228,"周一早呀~~
香脆芝士馒头/
紫米粥/
咸鸭蛋/
玉米面窝头/
抹茶豆浆/
搭配核桃/...展开全文c",7月3日 08:16
30,436,11,117,大白(●––●)枣泥面包#慧绘美食记#@鲜城（来自L一直播:_慧绘美食记_正在直播）APP下载地址：O网页链接 O网页链接,7月2日 15:02
31,344,7,140,大白(●––●)枣泥面包#慧绘的美丽生活#@鲜城（来自L一直播:_慧绘美食记_正在直播）APP下载地址：O网页链接 2北京,7月2日 13:06
32,394,1506,1373,"早呀~
黑钻吐司的配方整理好了~
可可味的蛋糕包裹着香软的面包，
一口吃下去，
双重享受~
此配方为2个450g吐司的量，
可以减半操作~...展开全文c",6月30日 08:08
33,212,256,297,"双色蔬菜凉皮配方来了~
炎炎夏日自然要用简易法，
不用洗面，
很快就能吃上的美味~
用高筋粉制作的，
如果家里没有，
用普通中筋粉也可以，...展开全文c",6月29日 08:33
34,343,12,218,"猫宁ing~~

周三早餐
红豆酒酿小圆子，
葱花鸡蛋摊咸食，
还有周末做的黑钻吐司，
搭配杨梅汤，...展开全文c",6月28日 08:24
35,320,22,216,"早安~~
今天吃生煎菠菜饺，
烤蓑衣土豆，
绿豆粥，
搭配杨梅柠檬水，
樱桃~
蓑衣土豆和蓑衣黄瓜切法一样，...展开全文c",6月27日 08:25
36,313,28,157,馒头揉面#慧绘美食记#@鲜城（来自L一直播:_慧绘美食记_正在直播）APP下载地址：O网页链接 2北京,6月25日 17:18
37,1663,22,240,黑钻吐司#慧绘美食记#@鲜城（来自L一直播:_慧绘美食记_正在直播）APP下载地址：O网页链接 2北京,6月24日 20:01
38,250,32,198,"一晃又周五啦~
一直在下雨，
这种天气实在是适合在家里睡觉呀，
再坚持一天~
早餐做了无油低糖的双色玉米华夫饼，
搭配核桃藕粉，
还有甜糯的黑玉米，...展开全文c",6月23日 08:27
39,237,306,284,"图文版配方整理好了
大理石纹酸奶慕斯~
每个人都可以做出独一无二的纹理~
不喜欢甜的可以不加糖，
直接搅打奶油奶酪就行~
没有朗姆酒也可以不加，
但是没有奶油奶酪不行~~...展开全文c",6月22日 10:19
40,308,19,228,"夏至
早安~
早餐做了三色凉皮，
桂花糯米藕，
酸梅汤，
还有红提做的小兔子~
天气越来越热了，...展开全文c",6月21日 09:21
41,355,155,261,"早安~
早餐/
无油低糖版绿豆糕/
全麦面包/
蔬菜沙拉/
大理石纹慕斯蛋糕/
草莓奶昔/...展开全文c",6月20日 08:23
42,608,4226,4185,"属于夏天的清爽慕斯蛋糕~
大理石纹酸奶慕斯
每切一块都能得到不同的纹理~
不用烤箱就能做,
简单快手~
这次减了糖量，
也没有用饼干＋黄油做底，...展开全文c",6月19日 07:50
43,409,27,215,"早呀~
某一天的下午茶~
大理石纹酸奶慕斯&有爱之岛天然甜酒&铂芳桃红起泡酒~
新尝试的一款切开有惊喜的蛋糕
不用烤箱就能做，
很适合夏天呢~~
比起来其他厚重的甜芝士蛋糕，...展开全文c",6月16日 08:02
,data_comment,data_relay,data_support,data_text,data_time
0,21452,48480,113529,"置顶 【牛肉面】它被很多人叫错为兰州拉面。牛肉面是我的人生菜单，代表着我在西北最好的一段时光。这是我爸做的家常版，也是我心目中最好的版本。希望能被看完
#一日一食一记# L日食记的秒拍视频",6月14日 21:44
1,590,1423,4273,每日一碗,8月12日 17:36
2,139,328,2959,一碗桃浆喂饱你的耳朵，周末晚安,8月11日 22:17
3,1142,3327,8242,【芋圆仙草冻】每次外面点这个，折腾十几分钟都配不齐自己想吃的那一碗。其实自己在家做也不难，吃到爽 #一日一食一记#,8月11日 20:40
4,6800,19708,32697,"【芋圆仙草冻】夏末初秋最适合吃芋圆
凉凉的但不会太冰，也不会太甜，做起来也很简单，吃完整个人都平静了～
#一日一食一记# L日食记的秒拍视频",8月10日 20:59
5,4937,18647,29776,"【蒜蓉粉丝虾】鲜到连一根粉丝都不会吃剩！只有跟关系真正好的人才能一起吃，满嘴蒜味也不肯停，谁也别嫌弃谁有味
#一日一食一记# L日食记的秒拍视频",8月9日 21:02
6,736,225,19092,"刷着新闻觉得难受的时候，看看酥饼，就会想幸好你是猫。
祈福平安",8月9日 19:50
7,517,1072,4396,晚上热得睡不着，来碗冷汤面吧（出镜@管家的日子 ）,8月7日 22:35
8,7358,20650,47594,"【韩式冷汤面】在面条里下冰块，竟然是这么爽的事？汤水鲜美带一丝酸甜口，面条又冰又滑溜，吃完整个人能降温三度
#一日一食一记# L日食记的秒拍视频",8月7日 20:59
9,1251,7005,11487,"【早餐合集】周末别睡了，早饭多好吃啊 #一日一食一记#
【鸡蛋卷饼】L日食记的秒拍视频
【亲子三明治】O网页链接
【粢饭糕 x 溏心蛋】L日食记的秒拍视频
【爆浆吐司卷】O网页链接",8月4日 21:36
10,4753,18253,41617,"【芒果白雪黑糯米甜甜】就是软糯清甜本人
我女同事们一看到它都跟疯了一样，奶白的碎冰和芒果的微酸渗进黑糯米，可以说是夏日最佳了！
#一日一食一记# L日食记的秒拍视频",8月3日 20:50
11,1696,332,8799,下午茶都吃的啥 #一日一食一记#,8月3日 15:57
12,8936,20323,43403,"【手抓饼】有多好吃？在学校门口买手抓饼，回寝室前必须吃完，要不就得给每个室友都带一个，不然就等着被围攻吧
#一日一食一记# L日食记的秒拍视频
N【日食记x永璞】新品 | 冷萃咖啡液2袋 原创CO...",7月31日 21:09
13,346,1059,4729,恭喜@暴雨中de梧桐 等3名用户获得【现金233】。微博官方唯一抽奖工具@微博抽奖平台 对本次抽奖进行监督，结果公正有效。公证链接：O微博抽奖平台,7月31日 14:22
14,224,1015,4646,夏天正需要这个,7月28日 23:26
15,1286,3366,8641,【芝士火鸡面】每次做这个都恨不得自己独吞，最后三张gif是拉丝三连击，别说我没提醒你 #一日一食一记#,7月28日 20:59
16,249,242,1977,恭喜@青争青争早日瘦下来变成静静 等3名用户获得【不粘锅】。微博官方唯一抽奖工具@微博抽奖平台 对本次抽奖进行监督，结果公正有效。公证链接：O微博抽奖平台,7月28日 14:20
17,1472,4054,9254,这次视频是我手机拍的，用的VUE app ，其实它刚出我就开始用了，下载戳→O网页链接，加上我的同款贴纸并@日食记 来交作业吧！转发的粉丝中抽三位233元，下周一@微博抽奖平台 开奖,7月27日 21:00
18,4579,13116,17735,"【芝士火鸡面】泡面+芝士+泡菜，这个组合光是看着就知道有多好吃，恨不得整盘独吞。没惊动任何人自己在公司做了一份，所以视频也是我用手机拍的，全是特写，馋不死你
#一日一食一记# L姜老刀的秒拍视频",7月27日 20:37
19,1681,5938,10398,"【夏日宵夜合集】夏天不吃宵夜还怎么活？整理了之前做过的几种，晚上也不给你肚子放假 #一日一食一记#
【花甲粉】L日食记的秒拍视频
【盐酥鸡x花枝丸】O网页链接
【螺蛳粉】L日食记的秒拍视频
【冒菜】O网页链接
【酸辣粉】O网页链接",7月26日 22:24
20,1573,7800,7159,这是我朋友的外甥女，家里特别着急，帮扩，希望姑娘平安,7月26日 20:02
21,6390,22142,5504,来抽奖送个厉害的东西，传说中“镶500万颗钻”的意大利拉歌蒂尼不粘锅。亲测好用，连煎鱼皮都不粘，用油能比平时少近一半，无油烟，跟普通不粘锅不是一个次元的我太喜欢了，所以收在我店铺里了，买锅戳→O【日食记】蓝钻28cm平底无烟不粘炒锅 赠7件套...,7月25日 20:29
22,217,986,3711,恭喜@不如卖瓜丢丢梨 等3名用户获得【桂花蜜】。微博官方唯一抽奖工具@微博抽奖平台 对本次抽奖进行监督，结果公正有效。公证链接：O微博抽奖平台,7月25日 14:19
23,682,2308,6385,对了，这次片尾彩蛋是最近公司小伙伴都在B站追的番@异世界食堂_动画 ，一看就肚子饿，安利给你们，链接戳右→O网页链接,7月24日 23:12
24,13375,44560,56854,"【蛋包饭】学会了做这个，哄女孩子开心不用愁不过这次做饭我好紧张，蛋包饭做得好不好，真是出锅的一刻定生死……
#一日一食一记# L日食记的秒拍视频",7月24日 21:15
25,1131,3853,9727,"【钵仔糕】爱死这个又Q弹又剔透的甜甜的小东西了 #一日一食一记#
视频戳→L第一百零二回 钵仔糕这么好吃的东西 你居然没...",7月21日 20:30
26,1216,3844,4680,叔来送桂花蜜了，用它搭配夏天的冰品，或加一点在水果茶里，简直香到要起飞抽三瓶，下周二@微博抽奖平台 开奖,7月21日 17:04
27,239,1276,4254,好看，感觉也挺合适做成风铃啥的,7月21日 14:31
28,5661,17667,35524,"【钵仔糕】这么可爱的东西，我居然没吃过！好看到舍不得吃，甜丝丝的，嚼着嘎吱嘎吱还弹牙
#一日一食一记# #放肆美食# #放肆一夏# L日食记的秒拍视频",7月20日 21:09
29,272,475,3937,戴上耳机，睡前听饭，晚安,7月19日 22:16
30,387,1441,4497,我现在每晚，不吃上一碗这个就不得劲,7月18日 20:41
31,3777,19806,29023,"【杏仁豆腐】夏天没胃口？来吃我的豆腐吧滑到嘴里又凉又嫩，甜甜的可好吃了~
#一日一食一记# #放肆一夏# #放肆美食# L日食记的秒拍视频",7月17日 21:22
32,3184,2655,17490,说我今天良心发现没放毒的，会动的毒来了对，都是我做的，你打我呀？,7月16日 23:24
33,1465,455,13677,不睡想啥呢你？（图依次是：小刀，奶油，咖喱，酥饼）,7月16日 22:51
34,834,3207,7799,周末晚上我刚遛完狗，自己也热成狗，盘算着一会吹着空调来份酱油炒面，再开瓶冰啤酒,7月14日 21:32
35,1148,4983,10467,听叔的，好好吃早餐,7月14日 07:41
36,1166,879,12687,任何力量也无法阻拦心向自由，早安,7月14日 07:28
37,175,1484,3347,恭喜@一粒小红豆啊 等20名用户获得【福佳啤酒和六角杯】。微博官方唯一抽奖工具@微博抽奖平台 对本次抽奖进行监督，结果公正有效。公证链接：O微博抽奖平台,7月13日 21:56
38,7248,27582,42761,"【酱油炒面】好吃到让你嘴边沾满酱汁都顾不上擦，一点不夸张。别忘了加个荷包蛋
出镜@管家的日子 #一日一食一记# L日食记的秒拍视频",7月13日 20:44
39,566,2093,4808,"【夫妻肺片】是最近我最爱吃的凉拌菜，油亮辣爽的酱汁一淋，立刻有了能下两碗饭的魔力
#一日一食一记# L第九十九回 夫妻肺片没夫妻就算了 连肺片都没...",7月11日 21:14
40,2004,418,8936,今天拍了个故事，刚收工…这个点应该没人还醒着了吧？还没睡的可以来评论里反省一下自己,7月11日 02:40
41,3750,8927,22216,"【夫妻肺片】能干掉好几碗米饭的超强凉菜！不过这菜名分明耍流氓，既没有夫妻，也没有肺片
#一日一食一记# L日食记的秒拍视频",7月10日 21:09
42,636,4809,3427,啃卤味怎么能不来口酒，来抽奖吧，从转发的粉丝中抽20位送@Hoegaarden福佳啤酒 和经典六角杯，下周二@微博抽奖平台 开奖，购买链接→O福佳旗舰店 ¡查看图片,7月8日 21:10
43,1285,11862,8458,"【卤味鸭脖拼盘】卤味太危险了，特别是鸭脖什么的，入味有嚼劲，再来瓶啤酒完全停不下来
#一日一食一记#",7月8日 20:08
,data_comment,data_relay,data_support,data_text,data_time
0,686,4729,1736,"置顶 肉松蛋糕卷
这款蛋糕卷也是反复调整好多次
真的超好吃�、我女儿让我每天都做
咸口的真的清爽很多 少了甜卷奶油的腻口
鸡蛋5个、海盐2.5g、细砂糖50g、无味食用油45g、牛奶55g、低粉65g、葱花适量、肉松适量。
肉松当然要选森森家的无添加肉松才会更好吃呀 O女侠森森 肉松3味各一罐 装无添加 换味道可备...",1月13日 19:41
1,73,396,284,"红茶太妃糖：淡奶油300,白砂糖150,麦芽糖50.红茶适量。红茶淡奶油热浸泡 过滤出红茶不要（我懒，直接放红茶粉。其实是忘记了）所有材料混合入锅中小火一边搅拌一边熬到118～120度左右（如下图）装入模具冷却后切块。吼吼吃～用不完的奶油就这么消耗",6月15日 21:50
2,78,8,99,"来刷个存在感 上课花太多的精力 耐心 心思
昨天的月饼 今天的蛋黄酥 都已经美出新高度
每次结束大家都不敢相信是自己做的�
9月之前所有课都满了
大家一而再再而三的赶过来上课 那么远 很感动�
你们老偷拍我 我也偷拍你们",6月15日 21:06
3,8,2,41,"学员和森森做的
傻傻分不清
一样好
端午刚过完 我们已经迎接中秋了� L秒拍视频",6月15日 20:53
4,28,3,68,也感谢一路有你们陪伴,6月8日 22:52
5,65,转发,55,"每次都有几个老学员 每次群里都在讨论我
每次临走都问下一次什么时候可以再来
每次她们都可以那么开心 每次她们都觉得收获满满
今天来显摆显摆�然后我就感觉不那么累了�
ps：图️的抹布好用哭了",6月8日 22:35
6,130,10,285,"今天的蛋糕卷毛孔细到看不见了�
每次蛋糕卷课她们除了惊讶就是惊讶�
那么多边角料呢
全吃了 好吃好吃好吃 �",6月5日 00:37
7,10,7,37,少女️,6月3日 00:53
8,13,3,14,随身一罐 走到哪里吃到哪 保证停不下来,6月3日 00:52
9,16,1,32,这批蛋黄大成 看的我饿,6月3日 00:51
10,4,转发,6,恭喜@子涵妈蛋黄酥 1名用户获得【 面包机】。微博官方唯一抽奖工具@微博抽奖平台 对本次抽奖进行监督，结果公正有效。公证链接：O网页链接,6月3日 00:39
11,68,5,75,"今天烤了十二盘麦片
做了戚风胚子还是那么嫩
随意抹点奶油
夹一些榴莲
人间美味�
不信你就试一下
晚安啦",5月26日 23:58
12,59,转发,27,"大家都收到麦片了么
怎么样呀
吃起来根本不能停对不对
配上自己做的酸奶拍完就吃了这么大碗
等课的同学对不起六月份一定一定上课 我已经在排了 好了发你们 懒了一个月",5月25日 22:08
13,11,转发,21,我每天抱着当零食吃不能停 真材实料 每一种都是最好的原料  了解我的人都懂 都不敢宣传做不出来,5月22日 21:04
14,5,1,16,没有泡打粉的磅蛋糕 掌握了我上课说的关键技巧 棒棒哒,5月22日 21:00
15,27,12,35,"大家的肉松卷做的超级好的
还没做的赶快做起来",5月22日 20:58
16,81,18,104,"我烤了坚果麦片
你准备好酸奶了么
自己烤的麦片配自己做的酸奶�
每天酸奶麦片不能停",5月17日 16:36
17,35,10,24,�好吃到爆的肉松蛋糕卷还有人没试过么 那必须要试试 @ 我的作业多到爆炸,5月17日 14:22
18,13,6,45,好美  按我说的做 绝对不会失败,5月17日 14:14
19,215,1840,1412,"蛋白糖
简单又可爱 平时做生日蛋糕也可以拿来装饰哦
烤干以后温温的就要装好保鲜盒密封才不会返潮
蛋白霜不需要打到特别硬
糖水温度控制不好可能会失败哦",5月17日 10:54
20,15,1,24,颜色淡淡的 超级可爱,5月17日 10:45
21,6,2,13,哇哈哈 这是什么节奏 大家快来交作业啦,5月17日 10:44
22,56,1,35,"牛扎饼独立包装好看又费时费成本
每盒贵两块钱的话
你会选哪种",5月15日 21:53
23,44,转发,25,"不露脸的直播还是蛮轻松的
最后没电了就断了
难为你们了
要听那么难听的声音",5月5日 19:52
24,627,285,426,春风十里，不如直播一场，我在一直播等你！（来自L一直播:女侠森森正在直播）APP下载地址：O网页链接 2佛山,5月5日 18:40
25,53,4,83,"蛋白糖烤好了也好吃呦�她本来就是糖 就该甜
有一个多月没有端相机
看到这些糖不由自主就端起了相机 可爱吧
@阿莫玲 家的餐巾超级美啊 跟我穿的裙子布料一样一样舒服 好喜欢 还有桌布
当然少不了@puffi 家旧木板 喜欢喜欢 都消毒好的适合我这种洁癖",5月5日 17:07
26,56,3,36,"我来讲一下
最近好几个发这样的图片
问我为什么蛋黄酥不酥
图片这样的根本不是酥不酥的问题
没熟没熟没熟
生的也不好吃啊[捂脸]
我觉得这种很容易就可以看出是因为不熟啊",5月5日 11:11
27,24,4,25,必须好吃到爆 最近都没空收作业 你们都做了没,5月5日 10:26
28,8,1,12,趁热卷不会裂 你们试试,5月5日 10:26
29,106,1,96,"有人提议直播
想直播么
挤的好看还是有点技巧的
你们一般都上哪个直播呀
几点钟比较好
晚上没空",5月4日 23:39
30,49,3,72,"太可爱
有木有
嘎嘣脆
入口即化
准备好花嘴温度计
明天一起玩",5月4日 21:16
31,62,转发,73,"白天上课
晚上订单
一个人加班苦
配的给不给� L秒拍视频 .",4月27日 21:43
32,27,7,104,"实在忍不住吃了一个
今天的巧克力和抹茶是有史以来做的最最好的一次
� L秒拍视频 .",4月21日 20:01
33,22,5,91,下午茶️来一块覆盆子芝士慕斯是不是很完美,4月21日 13:39
34,18,1,25,"作业太多 随便拉几个出来
每次红茶卷卷最受欢迎了
都是回家做的比上课好�
估计手把手的让你们紧张",4月21日 13:31
35,15,1,14,"亲们
私信太多了根本不敢点开
有事wei xin留言给我留好
我夜里会回复的�",4月21日 13:12
36,67,5,88,"1000个小贝壳
真的做的好酸爽
谢谢大家的支持
又让我累积了经验
小贝壳越做越好看 越做越好吃 L秒拍视频 .",4月20日 21:14
37,69,1,60,"下课后自己加班挤了三盘还债
今天超级超级累
每个人都要手把手教到会啊啊啊",4月16日 22:38
38,29,2,54,"沥水篮也太好看了吧
而且又大又实用
@臻子寻味  买家秀来啦",4月14日 18:12
39,55,486,330,"姜撞奶 简单到只需要三分钟的甜品�
姜汁8g 鲜奶110 细砂糖8
一般都是用水牛奶 为了方便我用鲜奶
来客人的时候分分钟就可以露一手
姜要用老姜 牛奶温度不宜过高70～80度就好
吃完一杯整个人都暖暖哒 快去试一下",4月14日 16:00
40,65,13,35,大家的肉松蛋糕卷还是停不下来呀,3月26日 12:35
41,43,转发,22,给你们的都是好的 每个蛋黄都是筛选的 100个里面基本上有20+不太好的,3月26日 11:50
42,42,2,69,给你们看看昨天的节奏 L秒拍视频 .,3月26日 11:32
43,29,转发,20,当然不通知啦 不通知都忙成了,3月26日 11:30
,data_comment,data_relay,data_support,data_text,data_time
0,221,503,236,置顶 让烤箱搞定一切，把自由还给自己！食帖第18本书《#真的，烤箱什么都能做# 》全国上市啦！从小食到大餐，烤箱实用指南一本收录！烤箱挑选法 / 经典烤箱菜 / 烘焙进阶 / 温度科学。天猫快速入手：N食帖18·真的，烤箱什么都能做 （转发本条送新书，3个名额）,6月21日 22:07
1,30,53,478,#我们每日的餐桌#  photo by 임하영 （ins_ im.ha0）,8月13日 22:12
2,26,11,182,"今天食帖 x MUJI的活动现场，来了好多朋友！@上海Camille 带来了自己制作的面包和饼干，大家吃得开心嘛？#真的,烤箱什么都能做#",8月12日 22:07
3,57,133,351,挪威的“复活节彩蛋”做法，料超足+强迫症福利。 L食帖的秒拍视频,8月12日 21:40
4,93,14,92,小调查：食帖WithEating迄今为止发行的纸质出版物，你们最喜欢哪几本？,8月12日 02:00
5,62,501,694,还记得《主厨的餐桌》第二季吗？6位名厨，70道菜，超清特写合集，帮你们单独剪出来了。 L食帖的秒拍视频,8月11日 21:10
6,78,8,218,意外收到很多评论，无法逐个回复，在这里统一做下说明。,8月11日 03:16
7,31,20,168,食帖 × 无印良品 活动预告 | 上海的米那桑，我们又来了。这次邀请到了鲜少露面，但一直被很多人喜爱的@上海Camille，她将现场分享烤箱使用心得，和自家下午茶灵感。时间／地点：8.12（周六）14:00~15:00，无印良品上海淮海755店3F。（活动报名请私信：姓名+手机号+预约人数） #真的，烤箱什么都能做#,8月10日 22:02
8,401,423,744,#孤独的吃吃吃# 01集。新系列的自制视频，首发测试。今晚吃葱爆羊肉、煎蛋炒面、煎饺、冒菜、西多士、7-11的包子、乌龙奶茶、麒麟一番榨。 @鲜城 #吃货秀# L食帖的秒拍视频,8月10日 21:16
9,41,27,247,食帖第19本特集，终于封面定稿了。,8月10日 19:16
10,36,3,119,许久没拍视频，在憋一个新系列，今晚可能会发一集先行版。#孤独的吃吃吃#  ,8月10日 15:27
11,32,110,526,巴黎的花与甜。（photo. Alina Kolot）,8月10日 09:00
12,9,88,119,真是要被甜死了，阵亡！,8月9日 22:39
13,104,315,515,刻意卖萌！柴犬马卡龙！基本操作和常规马卡龙一样，内馅是焦糖口味！ L食帖的秒拍视频,8月9日 21:00
14,62,210,685,田中达也，近期关于食物的摄影作品。（田中桑2011年至今，几乎每天更新一张微模型摄影）（ins：tanaka_tatsuya）,8月9日 10:15
15,365,2539,1806,食物的纸艺术｜来自墨尔本工作室Yelldesign，超大脑洞＋精巧手工，完成了一套用纸制作的「美食教学」。煎炸煮烤，全程竟无违和感。 时长3分半，共5集，主题分别为：肉圆通心粉、飞碟三明治、拉面、炸鱼薯条、香蕉船。 L食帖的秒拍视频,8月8日 21:08
16,35,34,209,播出跨度一年，人气视频节目，《#食帖的节气食桌# 》，终于也今天拿到样书了，效果挺超出预期。,8月8日 17:16
17,155,136,505,入秋，又到贴膘时。 （photo. daigorocknroll）,8月8日 11:33
18,199,143,585,今天推荐一个「巴基斯坦」的食物广告。大致剧情是：一对中国夫妇，外派到巴基斯坦工作，为了融入当地生活，妻子自学，做了一道当地菜，然后被热情的邻居们，视为了自家人。拍得很不错，BGM带感，时长3分半。 L秒拍视频,8月7日 21:03
19,14,32,103,墙裂推荐图2，真的有惊艳！新书中还有更多食谱《#真的，烤箱什么都能做#》入手方式：京东／当当 / 亚马逊／天猫／淘宝，检索书名即可。,8月6日 22:01
20,94,123,520,街边小吃，坐标印尼雅加达。（photo.JKT）#我们每日的餐桌#,8月6日 21:25
21,79,110,398,喜欢吃寿司的日本网友“丸桑”，与他的寿司记录。欢迎留言，推荐一家你认为不错的寿司店。（ins.gyogyogyo1234）,8月5日 21:25
22,21,7,121,下一本新书马上要来了。,8月4日 23:03
23,256,271,724,现在流行这样切椰子？（神操作）L秒拍视频,8月4日 21:25
24,85,144,95,啊！！！,8月3日 22:27
25,175,959,646,「为你的故乡干杯！」麒麟啤酒的这则CM，超厉害！一共有47个版本，分别对应日本的47个都道府县！并且抓住了每个地方的特色，有趣又有亲近感！大野智／樱井翔／相叶雅纪／二宫和也／松本润，全员出演。（12分钟超长合集，给大家配了字幕） L秒拍视频,8月3日 21:31
26,150,753,693,纪录片《两百万卡路里的自助餐》｜在英国的自助餐厅，有些食客，可以一次吃掉4天所需的卡路里。有些老板，会在餐食中搞些小手段，让自己不至于亏本。自助餐厅当中，隐藏着什么秘密？视频放送：O网页链接,8月2日 23:00
27,42,98,553,暑往寒来，一种真实，被厨房记录着。（请横屏观图）#厨房，治愈人生的避难所#,8月1日 23:49
28,98,95,228,阴森向美食片《外科医生の热狗》。手术刀、消毒布、塑胶手套……划开包装纸，优雅地切割……不就是做个热狗吗，怎么成了肢解教学？（佩戴耳机观看更舒爽） L秒拍视频,8月1日 21:07
29,26,18,282,猥琐发育，别浪！,7月31日 22:26
30,38,100,213,乌狼鲞、蒸星鳗鲞、香芹海鳗鲞……这段来自《舌尖上的新年》的节选，介绍了“鲞”（xiǎng）这种海鲜干品。 L秒拍视频,7月31日 21:07
31,8,43,139,庄老师的这份烤鱼，很适合做“便当主菜”，香料足，下饭。（更多烤箱菜，收录于新书《#真的，烤箱什么都能做#》，京东／当当／亚马逊／淘宝／天猫，检索书名即可入手）,7月30日 22:02
32,370,747,947,猫の寿司｜Jun桑小哥哥，又自己动手做“猫食”了。这次用到了金枪鱼、鲷鱼、鸡胸、鲜蚕豆、油菜叶、木鱼花...... 我觉得可以。 L秒拍视频,7月30日 21:36
33,11,207,238,这长条图做得挺好玩儿。,7月30日 00:37
34,46,129,699,一些夏日感。 photo. Thanit Suvanish,7月29日 22:15
35,30,355,418,Discovery美食纪录片《Big Food》| 这个系列有点特殊，专门介绍世界各地，超大规模的食物制作工作：台湾办桌宴、孟加拉开斋节、泰国素斋节、印度流水席、日式连锁拉面餐厅等。日供成百上千份食物，这些制作者如何应对挑战，又是如何协作的呢？全10集放送：L【师太不装蒜】最赞的美食纪录片——美食攻略！...,7月29日 21:17
36,40,54,502,此刻的我。�,7月28日 00:15
37,63,406,384,纪录片《川菜在民间》｜一碗臊子面，两个油粑粑。川菜的可爱，在于充满烟火气。这则片子，记录了什邡、中江、连山等地，街头巷尾的饮食风貌。绿豆粉、豆腐干、锅盖鱼、猪脑壳，这些朴素的味道，背后有怎样的故事呢？长片花＋14集正片，在线观看：O网页链接,7月27日 21:48
38,387,196,445,最近看“炒冰”视频的人好多， 没太明白High点是啥。 L秒拍视频,7月26日 22:15
39,83,290,567,Lurpak丹麦黄油CM，用烹饪的声音当伴奏，并没有很洗脑。（60s循环） L秒拍视频,7月26日 21:13
40,57,196,529,明知是模型，还是看饿了。来自Nunu’ s House，日本一家微缩模型公司。（ins. nunus_house),7月25日 22:02
41,84,287,438,真的辣眼睛！认识11种外国辣椒：希腊金椒、烟味辣椒、泰国辣椒、鸟眼辣椒、安可辣椒、风铃辣椒、墨西哥辣椒、哈瓦那辣椒、西班牙干辣椒、娜迦毒蛇辣椒、特立尼达蝎子椒。 L秒拍视频,7月25日 20:59
42,28,72,284,Hana shiro的家，位于东京一处小公寓。因空间有限，她利用不锈钢架+收纳盒，搭建出一个轻巧低成本的“岛式”厨房。#厨房，治愈人生的避难所#,7月24日 21:40
,data_comment,data_relay,data_support,data_text,data_time
0,138,9,84,置顶 一直以来都很少推硬广，处女座还是不太喜欢哇众取宠做买卖，做生意如同做人一样，日久见人心。就如这气血茶，一样用的都是青海的枸杞，广西桂圆，而不会因为价格，把好的原材料替换。店铺对于我的意义，不在于一定能取得多大的成就，只是在平凡的日子里，所有的成就感和充实感，能活得比原来的那个自己 ...展开全文c,2016/8/23 17:18
1,评论,转发,1,通知，明天截团啊~//@皓妈玟玟: O网页链接  友情提示 记得拍下收到后，去淘宝晒单 多一个便携榨汁机礼品或者原装的玻璃杯一个,11分钟前
2,17,转发,29,"暖男，要从小培养…
玮玮来我家",8月13日 12:02
3,1,转发,1,本来就睡的不好，6点多被吵醒让我很烦躁,8月12日 09:49
4,6,转发,2,恭喜@Summerpigking 1名用户获得【超级妈咪破壁机一台】。微博官方唯一抽奖工具@微博抽奖平台 对本次抽奖进行监督，结果公正有效。公证链接：O微博抽奖平台,8月11日 21:46
5,13,转发,12,"hi…玮玮猪，小媳妇好久不见。夫妻相有没有
哈哈…",8月11日 10:19
6,33,转发,8,二宝什么东西都开始没购置，今天全棉时代好多5折，那就下（小号）第一单吧。大家有需要去囤一下吧。朋友说湿纸巾好用，我之前买过毛巾，浴巾，还有洗碗的，都不错。,8月10日 18:29
7,2,5,10,看到图片突然很想吃炸藕夹~,8月10日 16:15
8,16,32,36,"#皓妈靓餸# 菠菜牛肉粥
做法：
1.菠菜洗干净后，沸水加少许油，放入菠菜氽烫片刻后捞出来沥干水，切碎待用。
2.大米洗干净后，加少许油盐搅拌腌制半小时左右，然后加清水煮成粥底。
3.牛肉剁碎后，加盐，胡椒粉，淀粉，顺时针搅拌备用。
4.煮沸的粥，倒入菠菜，牛肉，再次煮沸后加胡椒粉少许盐调味。按 ...展开全文c",8月10日 16:12
9,13,转发,15,"午餐，菠菜牛肉粥。
孕妇必备，孩子也很合适。
睡醒再来更做法…臣妾乏了",8月10日 13:38
10,3,转发,3,梅姐店铺清仓啊 各位赶紧去看看有没合适的，烘焙模具很多都是梅姐店铺买的//@梅之小榭: 明天早上9点，最后一次5折清仓，虽然东西不多了，但也要 遵守游戏规则哈，9点前下单的都按下单的原价不打折（不开玩笑），9点起的订单发货后返现一半到支付宝，谢谢大家的帮忙,8月10日 12:57
11,28,2,33,"那些年…煲过的海鲜粥…
图1.2是今天的",8月9日 17:01
12,9,7,8,天气热，胃口不好，多吃粥吧,8月9日 11:04
13,22,转发,17,"�如果生妹妹叫什么？
�杨贵妃
�弟弟呢？
�嗯…杨迪好不好？或杨小号？

杨戬？杨绛？
太复杂的字孩子上小学会恨你的，...展开全文c",8月8日 18:26
14,评论,6,12,感觉这条又被和谐了…//@皓妈玟玟:【「皓妈靓汤」山货 香菇 250克 2包9折】，复制这条信息￥j0Ln0cL9isC￥后打开手机淘宝   香菇持续活动中,8月8日 17:41
15,1,11,5,【「皓妈靓汤」山货 香菇 250克 2包9折】，复制这条信息￥j0Ln0cL9isC￥后打开手机淘宝   香菇持续活动中 2包9折还包邮首重，别错过哦~。绝对值得一试的韶关山货香菇,8月8日 13:17
16,14,转发,11,10天篮球课结束，孕傻的我还以为明天结束，其实今天还上多了人家一天的课，教练看我智商堪忧就说算了，,8月8日 11:28
17,4,1,4,O网页链接 这个团到本月15号截止,8月7日 16:36
18,19,转发,15,居然立秋了…,8月7日 09:38
19,18,63,40,"#皓妈靓餸# 杏鲍菇紫苏焖鸡腿
材料：鸡腿2大只，杏鲍菇，紫苏，洋葱，红彩椒，姜，蒜。
做法：
1.杏鲍菇洗干净后撕成丝，鸡肉洗干净后用盐，糖，胡椒粉提前腌制一个小时入味，加点糖鸡肉煎好才会上色一些。
2.炒锅放油加热，把杏鲍菇炒至干香金黄，盛起来放一旁备用。
3.另起油锅，放入姜蒜爆香，然后 ...展开全文c",8月6日 12:59
20,13,1,28,"#皓妈靓餸# 肚子大了不灵活了
拍照一身汗。凑合看吧，完全没想法了

今晚 杏鲍菇紫苏鸡腿 �
每次拍的不好都不想更新",8月5日 22:49
21,20,转发,10,拇指西瓜…那还要不要去皮？感觉应该不是太好吃，哈哈,8月5日 13:28
22,评论,20,13,番茄牛腩，夏日开胃食谱,8月4日 14:56
23,29,3,105,"二
�妈妈，最爱你的是你的爸爸还是妈妈？
�嗯…我都一般般，没有特别爱吧。
�为什么啊，他们辛苦把你养大哦？
（我很惊讶皓哥居然会这样形容）
�我也不知道啊，这个世界没有规定一定要爱自己的爸爸妈妈。就像我很爱你，你也不用很爱我一样。
�那妈妈，这个世界上谁 ...展开全文c",8月4日 10:42
24,18,2,74,"�妈妈，你喜欢你的弟弟吗？
�不喜欢。
�为什么？
�因为小的时候，他经常捣乱或者打我，最后变成告状我打他，然后我会被骂，说我大的要让小的，所以我不喜欢他。
�哇，妈妈，你的弟弟演技也太好了吧。（此处他真的说的是演技，笑死我了）。
妈妈，我的弟弟应该 ...展开全文c",8月3日 22:38
25,23,116,73,"#皓妈靓餸# 番茄马铃薯炖牛腩
材料：牛腩700克，番茄4个，洋葱半个，香叶，八角，桂皮，姜，马铃薯，胡萝卜。
做法：
1.牛腩买回来后洗干净浸泡一小时，中间换水几次。然后冷水下锅煮沸，然后捞起洗干净漂浮物，控干水份备用。我比较变态，喜欢一整块焯水。然后切了再焯水一遍。焯水两次感觉干净一 ...展开全文c",8月3日 20:43
26,51,转发,32,"有点长的四维彩超视频…
L秒拍视频",8月3日 11:45
27,16,转发,32,"今晚，#皓妈靓餸#
番茄牛腩
紫米玉米饭
花胶北芪猪展汤
最近都有好好吃饭，就是天气太热，
相机都觉得重…
孕期多吃花胶哦…嘻嘻，也不要只喝汤不吃肉",8月2日 20:45
28,73,1,56,"hi…8月，倒数99天了
四维很合作，一次就看到样子，医生笑着说，哇，和哥哥好像，都是一样的小嘴巴和鼻子。
照的时候，又是嘟嘴，又是吃手指的。
图3.4是皓哥，第一次看不到正面，去走了楼梯吃了东西回来才看到，然后拍到图3他在笑。皓哥是从小就非常喜欢笑的孩子。
昨天看完真的让人感觉好开心 ...展开全文c",8月2日 11:28
29,6,3,8,黄桃正当季…煮起来吧…,8月1日 11:09
30,16,转发,12,男人最近在配这个剧，他看提前看的时候，我就问他你配谁啊，答应是男主教授，我就知道惨了，肯定又是一进去就出不来的节奏，这剧台词多语速快还叨叨不停。现在还没下班回来…���,7月31日 23:28
31,58,2,25,"安利 有品味的她
剧情不拖沓好过瘾",7月31日 18:15
32,4,转发,22,"皓哥伸出手，说，
妈妈你看我多厉害，
我的手上有腹肌了…",7月31日 09:46
33,24,1,13,"上次回南海，婆婆给了一些塞了些燕窝给我，说叫亲戚在香港买的，她知道我不喜欢这个，而且我之前告诉她燕窝其实很多漂白或质量不好的吃了反而对身体不好。

上次婆婆炖了一些糖水，分了给皓哥，然后他问是什么，我告诉他其实就是燕子的口水筑成的窝。
今晚，他指着那一碗东西说，妈妈，这个不就是 ...展开全文c",7月30日 19:48
34,3,转发,8,我好困…昨晚3点多都睡不着,7月30日 09:03
35,6,12,20,昨晚半夜发的，转一下,7月29日 17:23
36,4,转发,15,下午…来做吃瓜群众吧,7月29日 17:16
37,17,转发,21,打篮球最紧要识入樽…哈哈,7月29日 12:39
38,9,转发,7,这种紧挨着，让我想起排队时，常有人紧紧贴着你，我对这个很敏感，会回头看后面的人一眼，警示对方离我远点，但有时这一眼不顶用，必须明确说“请离我远点”，对方才会离开一点。这样的人，该是非常缺乏界限意识吧。 有时候，界限虽然会让人觉得没人情味，但是我觉得界限让我能活得更加自在舒服一些,7月29日 09:56
39,19,70,76,"南瓜焖排骨，夏天实在没什么胃口，但是还是希望自己能吃多点，又不想太折腾。一锅端最合适，没什么技巧，南瓜和排骨是绝配。
做法：
1.排骨洗干净后冷水下锅焯水，然后捞起来洗去干净备用。
2.任何锅都可以，用炒锅也行，放少许油，冰糖，小火，化了以后把沥干水份的排骨，蒜头都一起倒进去翻炒上色均 ...展开全文c",7月28日 23:02
40,26,转发,9,"之前一直推荐就算了，这次还把名字
@ 上了 ，给已婚妇女推荐相亲是什么鬼，新浪你是瞎啊，看到我叫什么名没…",7月28日 08:04
41,14,1,22,厨房里的烟火气…,7月27日 18:45
42,37,2,10,"推子有着落了，然后你们都买什么牌子背带和腰凳？挺多人推荐ergobaby，感觉会不会热?
求推荐。
我感觉的我微博又会是一个循环，一开始是从发孩子的辅食开始，再到发皓妈靓汤，食疗。食谱。不久以后又会是一个育儿的循环~哈哈",7月27日 17:30
43,9,转发,1,谢谢梅姐推荐。这日子，过的太多滋味了，【「皓妈靓汤」天然 云南 桃胶 200克】，点击链接再选择浏览器打开O「皓妈靓汤」天然 云南 桃胶 200克 ，或复制这条信息￥VCh20Y4BTNd￥后打开手机淘宝,7月27日 16:33
,data_comment,data_relay,data_support,data_text,data_time
0,137,260,55,置顶 【粉丝福利107期】#趣挑战更出彩# 8.13在广州优托邦购物中心（奥体店）亲子乐园，全新宝来吉尼斯世界纪录挑战嘉年华来啦一分钟内用筷子夹超过46颗咖啡豆，新的世界纪录就是你的啦快来挑战并上传视频@Nicole的生活书 还可参与@微博抽奖平台 抽奖！15份200元购物卡等你来！ ...展开全文c,8月11日 20:25
1,7,1,16,#趣挑战更出彩#精彩的挑战赛结束了，你和全新宝来一起挑战吉尼斯了吗？与其羡慕别人的生活，不如将自己的日子过精彩。给自己一个目标，给自己一个机会，生活需要出彩，做自己的生活家！,8月13日 20:40
2,377,5,31,和全新宝来一起见证挑战吉尼斯记录的精彩表现吧！有重磅福利！（来自L一直播:Nicole的生活书正在直播）APP下载地址：O网页链接  2广州,8月13日 14:02
3,18,1,47,下午2点直播，将送出重磅粉丝福袋，嗯，重磅，按照体重来计算，绝对可以算重磅,8月13日 13:13
4,7,2,42,不吃晚餐的可怕后果，相信大家都知道了，神马饿治百病有点不靠谱啊还是大口吃吃吃吧，不仅身体满意，心情也愉快#Nicole探食记#,8月12日 23:27
5,5,转发,34,昨晚吃的农家乐，虽称不上精致，但胜在食材足够新鲜，味道十分不错据说合理的点菜公式是：N个人就点N-1个菜，可是，我们加上小伙子一共才4个人，这不科学啊…#Nicole探食记#,8月12日 18:50
6,15,6,34,2广州·广州白水寨嘉华温泉酒店，我们来了，白水寨听说许久的地方，终于因拍摄取景拔了草～今晚住在山下新张不久的嘉华温泉酒店，感受满满的负氧离子～房间窗外就是私家独享温泉，更有亲水河蜿蜒而过，随时可以戏水泡温泉，私密又有趣#酒店点评##Nicole好眠记#,8月11日 22:22
7,4,10,7,转发本条微博就可以参与抽奖哈,8月11日 22:03
8,2,转发,18,我吃过的最让人想不到的雪媚娘的做法，竟然是蟹肉馅儿的！惊不惊喜！意不意外#Nicole探食记#,8月11日 20:09
9,17,39,26,#不可辜负的美食#【南瓜杂粮饭】用贝贝南瓜做盛器，拿起来就能吃，方便有趣粉糯香甜的南瓜很好的中和了杂粮稍显粗糙的口感，而且营养更佳。这样一道既美味又营养的秋季主食，你值得拥有具体做法：°应季而食的餐桌美味：南瓜杂粮饭 @鲜城 #Nicole小食堂##伊莱特家味道#,8月11日 15:20
10,评论,7,9,发表了博文《应季而食的餐桌美味：南瓜杂粮饭》立秋刚过，天气自此开始渐渐转凉，也是金灿灿的南瓜应季上市的时候啦。虽说现在什么时候都能吃到新鲜蔬果，但应季而食依然是最顺应自然的吃法，也是最健康的吃法。南瓜°应季而食的餐桌美味：南瓜杂粮饭 ¡查看图片,8月11日 09:19
11,26,4,74,今儿下午做的果冻，老妈表示很惊艳，有这样的下午茶，胖死也值了#Nicole小食堂#,8月10日 22:32
12,323,915,296,【粉丝福利106期】#趣挑战更出彩#生活太平淡？日子没乐趣？nonono，这怎么行，自己的生活自己做主，8.13广州优托邦奥体店，和宝来一起挑战吉尼斯吧生活要出彩，做自己的主角！转发此微博即可参与@微博抽奖平台 抽奖，15份200元购物卡礼品等你来！,8月10日 20:00
13,13,2,31,用一个简单的方式戒掉坏习惯，那就是坚持好习惯，比如坚持天天为自己和家人做早餐，改掉不吃早餐的坏习惯，无论何时，健康第一有机大米煮的粥，老妈说煮的时候就闻到香味了，还是喝粥肠胃最舒服#Nicole小食堂#,8月9日 11:43
14,10,35,63,#不可辜负的美食#【青柠百香果】清新怡人的青柠搭配酸甜百香果，犹如烈日下一股清泉，祛暑解乏，重新激活身体能量看了中餐厅，越发觉得吃喝是人生大事，这set下午茶可还行～有颜值、更清新，足以让你元气满满地投入工作具体做法:°对抗酷暑的清新下午茶：枣泥戚风&青柠百香果 @鲜城 #Nicole小食堂##祈和营养课堂#,8月8日 15:37
15,30,转发,46,我的Nicole蓝终于到家了，厨房里撑起一片蓝天,8月8日 10:46
16,19,8,64,#贴秋膘吃饺子#今天立秋，按咱们北方人的习俗，又是吃饺子的大日子我家晚餐，青椒包菜猪肉馅，感谢老妈友情出镜别忘了今晚看月偏食哦@鲜城 #理想生活季##Nicole小食堂# LNicole的生活书的秒拍视频,8月7日 22:37
17,6,58,51,#不可辜负的美食#【枣泥戚风】今儿立秋，漂亮的立秋蓝却还是带不走空气中的湿热，让人昏昏欲睡打不起精神的下午，来一份清新解暑的下午茶再合适不过了用自制枣泥做了枣泥戚风，组织柔软，甜度适中，美好滋味刚刚好具体做法:°让人惊艳的简单宴客菜：酱烧鸡腿配番茄 @鲜城 #Nicole小食堂##祈和营养课堂#,8月7日 15:42
18,13,3,215,战狼票房高不是没有道理，从头到尾都让人很燃的片子，我真是极少遇到！虽然是军事题材，却男女老少通杀，实力不言而喻,8月7日 11:11
19,评论,转发,15,发表了博文《对抗酷暑的清新下午茶：枣泥戚风&青柠百香果》酷暑，成了最近一段时间全国各地的关键词，虽然今天就是力求，可动辄逼近四十度的高温着实让人无法招架。前两天大头同学去西安出了趟差，据说赶超火焰山的°对抗酷暑的清新下午茶：枣泥戚风&青柠百香果 ¡查看图片,8月7日 09:30
20,140,20,594,昨晚趁着小伙子睡着，终于去拔了《战狼2》的草果然燃点泪点都不少，以至于全程紧张又兴奋，看后久久不能平静，完全睡不着的节奏！战狼2美工也是棒棒的，这海报设计的，让人热血沸腾,8月6日 20:49
21,3,23,53,【香草奥利奥软冰淇淋】天这么热，门都懒得出吧，不防自制战胜夏天的武器吧不输意大利冰激凌的健康低脂冰激凌，简单好做，吃起来#Nicole小食堂# °战胜夏天的武器：香草奥利奥软冰淇淋,8月5日 21:05
22,26,1,67,看了别人家学校食堂吃过的最奇葩的东西，笑死了简直仔细想想，当年我们学校食堂出品还真的挺正常，除了那个皮蛋瘦肉粥，没有皮蛋也没有瘦肉…,8月5日 20:00
23,38,10,71,中午带家人去天环广场吃个饭，饭后直接赶上大型花艺主题展开幕，就这么美好！被满满鲜花包围着，三生三世十里桃花的即视感，心情那个舒畅啊还有帅帅的花艺师现场教插花，第一次玩，图8是我的作品，可还行,8月5日 18:04
24,32,转发,57,爱学习的小伙子，可是儿砸，咱们把书拿反了#nicole养娃碎碎念#,8月4日 22:00
25,8,1,12,我菁姐@菁制美食 实在太贴心了，书来的正是时候，最近正在研究小伙子的辅食，菁姐威武，爱你#nicole养娃碎碎念#,8月4日 15:25
26,25,29,65,#理想生活季# 【芝士肥牛酸菜面】看过三生三世十里拉面我就不淡定了，立刻决定起身给自己煮碗面！当当当当～我的网红面诞生了生活可以忙碌，绝不可以将就 @鲜城 #Nicole小食堂# LNicole的生活书的秒拍视频,8月4日 11:07
27,27,145,146,#不可辜负的美食#【酱烧鸡腿配番茄】鸡肉脂肪含量低，富含蛋白质，与番茄搭配味道非常惊艳，酸甜可口，酱香扑鼻基本不需要什么摆盘就很漂亮了，用来宴客一点不会丢面子。健康美味又简单易做具体做法:°让人惊艳的简单宴客菜：酱烧鸡腿配番茄 @鲜城 #Nicole小食堂##伊莱特家味道#,8月3日 15:03
28,4,9,19,发表了博文《让人惊艳的简单宴客菜：酱烧鸡腿配番茄》家里突然来客人了最怕什么，对于热情好客的吃货来说，那最怕的就是家里没什么像样的菜！现买现做，既慌乱又辛苦，还可能费力不讨好，还不如冰箱里有啥就做啥，充°让人惊艳的简单宴客菜：酱烧鸡腿配番茄 ¡查看图片,8月3日 08:57
29,5,转发,14,恭喜@大梅的手工布艺 等5名用户获得【金鸡水套装】。微博官方唯一抽奖工具@微博抽奖平台 对本次抽奖进行监督，结果公正有效。公证链接：O微博抽奖平台,8月2日 22:10
30,1529,2031,3007,西湖醋鱼、麻辣火锅、酥油茶…对我来说北纬30度是一条由美食串联而成的纬线！@林肯中国 SUV家族同媒体大咖一同探秘北纬30度，不知这一路又将发掘多少美食美景？持续关注寻造不凡日志，站队你喜欢的主题路线，还有机会和小包总杨烁一起探秘北纬30度哦~ #林肯SUV北纬30度寻造不凡#,8月2日 21:00
31,7,2,19,最爱吃小龙虾城市，我觉得非武汉莫属啦，哈哈，这款武汉朋友教我的清蒸小龙虾，清鲜得很呢#Nicole小食堂# °简单三步打造极致清鲜美味：清蒸小龙虾,8月2日 14:49
32,7,4,22,去年在烟台白羽鸡基地的时候吃过一次全鸡宴，没错，一桌都是鸡，各种做法，超级好吃，超级怀念！如今终于拿到这本书，自己在家也可以DIY起来解馋啦ps：书中还有我做的栗子焖鸡哦,8月1日 21:20
33,30,140,153,#不可辜负的美食#【粉蒸南瓜五花肉】很多人对五花肉的抗拒其实是一种心理上的抗拒，并不是真的难以下咽，而是看到那白花花的样子有点不敢尝试那就换个吃法，用蒸肉粉裹起来，不仅掩盖住白花花的肉片，还增加了丰富味道具体做法:°香而不腻的吃肉大法：粉蒸南瓜五花肉 @鲜城 #Nicole小食堂##伊莱特家味道#,8月1日 16:03
34,11,31,50,你知道网红黄焖鸡米饭是怎么做的么？至少，先要炖一锅黄焖鸡对不对，像我一样全部用鸡腿，吃起来更加过瘾呢#Nicole小食堂#,8月1日 09:36
35,评论,1,14,发表了博文《香而不腻的吃肉大法：粉蒸南瓜五花肉》很多人对无花肉的抗拒其实是一种心理上的抗拒，并不是真的难以下咽，而是看到那白花花的样子有点不敢尝试。其实五花肉是很不错的部位，肥瘦相间，而且这部位的瘦肉°香而不腻的吃肉大法：粉蒸南瓜五花肉 ¡查看图片,8月1日 08:44
36,85,187,44,【粉丝福利105期】持续高温的天气里，广州都能用日光煎培根大虾了，哈哈哈，发个清爽福利振奋一下吧转发此微博，即有机会获得珍藏版金鸡水1套，没错，就是让人舍不得开瓶的那个金鸡水，共5套转起来，清凉起来,7月31日 20:39
37,7,7,20,【墨西哥辣椒拌苦瓜】广州都可以日光煎培根大虾了，你说有多热这么热的天气里，吃点苦还是有好处滴#Nicole小食堂#,7月31日 16:06
38,5,1,20,哈哈，揭秘，好多人说是番茄或者火龙果，其实是甜菜根，更粉嫩更健康有木有,7月30日 22:46
39,9,3,38,最近有意识地培养宝宝规律睡眠，每晚7点半开始洗澡、做抚触、nainai、睡觉，效果还不错，基本8点多都可以顺利哄睡#nicole养娃碎碎念#,7月30日 22:02
40,30,转发,79,女生到底有多贵？其实一点都不贵！看我送自己这束花，9块9，可还行,7月29日 18:20
41,45,3,37,早上起床时的你是不是也像我一样想好了今天都想吃点啥做了点面条，猜猜是啥上的色#Nicole小食堂#,7月29日 15:33
42,3,5,9,恭喜@Susie咩咩 1名用户获得【杯盘套餐一份】。微博官方唯一抽奖工具@微博抽奖平台 对本次抽奖进行监督，结果公正有效。公证链接：O微博抽奖平台,7月28日 22:10
43,12,1,20,八点准时开始，我们聊聊天，欢迎大家进入直播间，为大家准备了礼物哦,7月28日 19:46
,data_comment,data_relay,data_support,data_text,data_time
0,181,35,543,"天津人遇有喜庆事都要吃捞面，俗称吃喜面。捞面有讲究，卤子有荤素之分，但就菜码要齐全，应季蔬菜不能少。分炒虾仁、肉片炒香干、炒鸡蛋、糖醋面筋丝。
堂妈根据自家的口味化繁为简做了调整，炒虾仁、糖醋面筋丝、胡萝卜丝和黄瓜丝、再来一碟黄豆。
捞面的卤子就讲究了，鲜肉、黄花菜、木耳、香干、虾 ...展开全文c",今天 13:57
1,593,5,362,猜猜堂妈这是要做什么？,今天 10:45
2,320,10,883,都是公婆从北京带回来的好吃的，最爱牛舌饼呦，堂妈实在忍不住吃了两块，太幸福了！,8月13日 21:50
3,385,49,1677,公婆带着安培哥哥刚下火车，堂妈想坐一天车肯定没太有食欲，就从露台剪了一些自己种的韭菜加鲜肉捏馄饨，熬了一些清靓的鸡汤，加少许的鸡蛋丝，舒舒服服喝一碗，明天再做海鲜大餐给他们。,8月13日 21:25
4,273,45,689,"朋友送堂妈的每周一花漂亮吧？女人对花没有任何抵抗能力，花是女人的影子，总有一种花可以形容每个女人的样子。我比较像向日葵，花姿虽然没有玫瑰那么浪漫，没有百合那么纯净，但它阳光、明亮，爱得坦坦荡荡，爱得不离不弃，它绽放的不仅是爱情，还有对梦想、对生活的热爱。
你觉得自己像哪种花？告诉 ...展开全文c",8月13日 12:02
5,231,4,905,就这战斗力堂妈能不热爱做饭？饭后还得开个大西瓜，麦嘎！此图就不打水印了，谁要拿走！,8月12日 21:37
6,400,32,1661,堂妈家的美味晚餐？为了等出海的大头哥都快成夜宵了！红甘刺身、天津独面筋、肉丝炒青椒、蒜泥猪头肉，干杯！,8月12日 20:42
7,279,15,1250,"大头出海归来，钓到了大黄健牛和红甘各一尾，图二的红甘的刺身是不可多得的美味，今晚可真是有口福了，超嗨皮！
有人问堂妈，大头节假日经常出海钓鱼，你心里会不会不平衡？其实这没什么，各自有各自的爱好，堂妈爱好烹饪和烘焙，大头爱好钓鱼，都是释放压力的一种方式。互不干涉，求同存异，没有必要 ...展开全文c",8月12日 19:57
8,54,30,230,推荐菜谱【豆皮寿司】下厨房评分8.7，92人做过 O网页链接 （想看更多？下载下厨房 App: S下厨房 ）,8月12日 18:25
9,12,36,208,推荐菜谱【蛋皮寿司】下厨房评分7.3，105人做过 O网页链接 （想看更多？下载下厨房 App: S下厨房 ）,8月12日 18:24
10,19,52,254,推荐菜谱【堂妈教你做超级好吃的鳗鱼饭】下厨房评分7.7，48人做过 O网页链接 （想看更多？下载下厨房 App: S下厨房 ）,8月12日 18:21
11,14,39,204,推荐菜谱【蛋黄寿司】下厨房评分8.3，642人做过 O网页链接 （想看更多？下载下厨房 App: S下厨房 ）,8月12日 18:19
12,330,51,606,"这些都是十几年前的老照片了，都是堂妈和家人的宝贝们。不喜欢宠物的很难想象怎么可以跟它们同吃同住甚至同睡，可能是爱的太深太切吧？
但家里有婴儿的要注意一下，化验一下动物是否感染弓形虫，动物的粪便及时清理，不要让婴儿和孕妇接触粪便。经常给宠物洗澡，定期做防疫，孩子和爱犬完全可以兼顾。
...展开全文c",8月12日 16:18
13,386,22,603,"带小堂来狗狗窝主题咖啡，我看会书喝杯咖啡，女儿陪狗狗玩一会。动物陪着孩子长大，对她们的性格的塑造有着积极的意义，能让孩子更宽厚更温暖，也更有安全感。
堂妈曾经养过三只狗六只猫，如今它们都已经故去了，但留给我和家人太多温暖的记忆，每次打开相册，抚摸着它们的影像，不觉泪水打湿了脸颊， ...展开全文c",8月12日 15:08
14,363,72,676,"和风精致寿司一直是岛城外卖寿司的首选，但堂妈还是不远万里来到浮山后的店里感受一下，无论是食材的新鲜度和口感都不错，颜值挺高也算精致，对得起这个价钱。
有人肯定会说堂妈替商家做广告，哈哈，我没你们想的那么有名气，喜欢的店铺就来尝尝，吃过之后发个点评，好就是好，不好也不会说违心的话， ...展开全文c",8月12日 14:14
15,730,56,953,"跟堂妈说说你们想要的生活吧。我的？很简单，全家都平平安安的，孩子们健康快乐的成长，自己能够珍惜身边的亲人朋友，安静的生活。
林徽因说过：“真正的平静不是避开车马喧嚣，而是在心中修篱种菊。”时光里游走，岁月里徘徊，难得的是始终保留一颗本真的心，相信善良和真诚是最珍贵的品质，不忘初心 ...展开全文c",8月11日 17:49
16,333,624,1044,"堂妈教你做辣椒鲜肉水饺
材料：辣椒（菜椒和辣椒可以根据自己的口味掺在一起）猪五花肉、大葱、生姜、香油、生抽、老抽、花椒、鸡精
做法：
1.取一碗清水，加入一个生鸡蛋搅拌成鸡蛋水，用鸡蛋水和面饺子皮不容易破。水慢慢加入面粉里，开始是面絮，后来是软硬适度的面团，面团做好一定用湿布覆盖醒发 ...展开全文c",8月11日 15:49
17,123,60,807,"想知道住在博物馆里的感觉吗？在十笏园小舅舅的清鱼堂吃一盏茶，恍惚间像穿越了，苍翠的青苔中和久远的斑驳痕迹里，去倾听那遥远的故事事 。
小舅舅敲敲打打的做着手工茶具，他在我心里就是个神话，从不肯将就人生，活成了很多人想要却不敢活的样子，从不在乎任何人的评价，勇敢的追求自己想要的生活。",8月11日 15:19
18,82,12,438,丁善宝在他的《十笏园记》中对十笏园的命名作了解释：“以其小而易就也，署其名曰十笏园，亦以其小而名之也。”,8月11日 14:16
19,69,20,466,十笏园曾是潍县首富丁善宝的旧宅，虽然面积不大，但是几进院落，亭台水榭，小桥流水。,8月11日 14:14
20,971,67,1020,辣椒鲜肉水饺，是堂堂姥姥银行里的同事教她做的，吃过一次家里就经常做了。辣椒淡淡的香气和猪肉绝配，有丝丝的辣感刺激着味蕾，特别促进人的食欲。,8月11日 12:56
21,842,51,1990,大辣椒包的水饺你吃过吗？,8月11日 08:55
22,149,4,931,宝贝，晚安～～～～～�,8月10日 22:16
23,230,63,896,"这么繁琐的过程制作肉丸子，其实就是为了这一碗肉丸子面条。甜蒜片、咸韭菜、咸胡萝卜丁、粉皮、鸡蛋皮、咸香椿芽、肉丸子、黄花菜、辣椒油、蒜泥、香醋、鲜面条、浓浓高汤，真的无法形容肉丸子面条的美味，小堂吃了满满一碗还不够，又要了小半碗，吃的都顾不上说话了！
以后堂妈就可以给女儿做肉丸子 ...展开全文c",8月10日 20:38
24,306,23,988,堂妈师傅家的地道潍县私房菜，每一道都是经典，步骤繁多，操作的过程赏心悦目。今天感觉过的太快了，学到的东西和感受也太很多，回家要赶紧全部记录下来，然后挨个菜实践，好激动～～～～～真有种跃跃欲试的感觉！,8月10日 19:47
25,713,150,2556,"有天，朋友搭堂妈的顺风车，说：“哎！你这车里一股肉香味？好闻！”堂妈笑了，前一天闺蜜的公公送了一袋自家做的肉丸子，车里的香味能保持两天，这手艺不服不行！
终于终于，堂妈来拜师学艺，真心盼了好久，厨房里一尘不染，看老爷子一招一式都是种享受，能把厨艺变成艺术绝非一朝一夕，这种生活态度 ...展开全文c",8月10日 16:54
26,264,85,1342,中午来太姥姥家吃素馅菜饼喝蛤蜊咸汤，热热闹闹一大家子，老人家乐得合不拢嘴，人上了岁数其实已经不在乎吃什么，而是希望子女孙辈能经常来看望自己。,8月10日 13:37
27,744,115,2951,"晚饭全是老爸的手艺，堂妈一回娘家身上就冒懒筋，外号“懒柿子”。除了去采购一些食材和去太姥姥家，大部分时间几乎都是歪在沙发上度过的，能倒着绝不坐着，能坐着绝不站着，爸妈不愿意让我进厨房，还变着花样的做好吃的，这日子是真滋润啊！
也很奇怪，堂妈无论再累只要回到青岛自己家，那就跟打了鸡 ...展开全文c",8月9日 19:37
28,39,20,173,推荐菜谱【胡萝卜面团】2人做过 O网页链接 （想看更多？下载下厨房 App: S下厨房 ）,8月9日 16:23
29,31,53,230,推荐菜谱【韭菜木耳鲜肉水饺】下厨房评分9.3，122人做过 O网页链接 （想看更多？下载下厨房 App: S下厨房 ）,8月9日 16:23
30,33,52,284,推荐菜谱【彩色水饺】下厨房评分8.5，1632人做过 O网页链接 （想看更多？下载下厨房 App: S下厨房 ）,8月9日 16:22
31,25,50,203,推荐菜谱【美味豆腐水饺】下厨房评分8.5，96人做过 O网页链接 （想看更多？下载下厨房 App: S下厨房 ）,8月9日 16:22
32,18,33,184,推荐菜谱【荠菜鲜肉饺子】下厨房评分8.6，300人做过 O网页链接 （想看更多？下载下厨房 App: S下厨房 ）,8月9日 16:21
33,22,61,217,推荐菜谱【芹菜胡萝卜猪肉水饺】下厨房评分8.5，1179人做过 O网页链接 （想看更多？下载下厨房 App: S下厨房 ）,8月9日 16:21
34,33,57,240,推荐菜谱【堂妈教你做鲜藕猪肉水饺】下厨房评分9.0，57人做过 O网页链接 （想看更多？下载下厨房 App: S下厨房 ）,8月9日 16:18
35,335,2933,2624,"堂妈教你做黄瓜木耳鲜肉水饺
主料：面粉、鸡蛋、五花肉、木耳、黄瓜、姜、葱、食盐、食用油、花椒、鸡精、香油 1.取一碗清水，加入一个生鸡蛋搅拌成鸡蛋水，用鸡蛋水和面饺子皮不容易破。水慢慢加入面粉里，开始是面絮，后来是软硬适度的面团，面团做好一定用湿布覆盖醒发至少半个小时。（饺子面 ...展开全文c",8月9日 14:39
36,420,379,1669,黄瓜木耳鲜肉水饺，吃起来特别的清爽，味道太美了，适合这个炎热的夏天。大家想学不？,8月9日 13:39
37,244,39,593,自家种的白黄瓜长成了巨无霸，只能包饺子吃啦！,8月9日 11:20
38,159,2,801,猪小正洗完澡就要睡觉觉啦～～～～,8月8日 21:14
39,58,129,349,推荐菜谱【堂妈教你红烧鱼】下厨房评分8.8，609人做过 O网页链接 （想看更多？下载下厨房 App: S下厨房 ）,8月8日 20:43
40,52,118,336,推荐菜谱【堂妈教你做酱爆螃蟹】下厨房评分8.8，100人做过 O网页链接 （想看更多？下载下厨房 App: S下厨房 ）,8月8日 20:43
41,134,5,1123,太姥姥啃了一只螃蟹，喝了一碗鱼汤，还吃了一点菜，真好！,8月8日 20:14
42,346,27,3324,堂妈给百岁姥姥从青岛带了一箱海鲜，她喜欢吃酱爆螃蟹和红烧黑头鱼，再熬一个黄鱼汤。只要姥姥爱吃能吃，真想把所有的珍馐都捧到她的眼前，哪怕只吃一口，我的心里也是踏实而满足的。,8月8日 18:05
43,227,32,920,跟着天津亲戚的顺风车回堂堂姥爷家，请吃个老潍县菜！,8月8日 16:27
,data_comment,data_relay,data_support,data_text,data_time
0,157,16,625,#Tinrry下午茶# 今天做了个独角兽色系的淡奶油抹面蛋糕~简简单单的其实也挺美~,8月7日 21:05
1,107,35,183,#Tinrry下午茶#分离蛋黄和蛋清，是烘焙中最常见的一个操作了~看似容易，但如果没掌握一定的技巧，分蛋的过程中很容易把蛋黄戳破，或者把蛋黄蛋清混在一起了~今天就教大家两种分离蛋黄蛋清的方法，非常简单~快点get起来吧！ LTinrry甜悦的秒拍视频 @鲜城 #不可辜负的美食#,8月5日 21:00
2,66,85,345,#Tinrry下午茶#大家平常如果要做有夹心的蛋糕，免不了的一个操作就是蛋糕分片了~如果大家是做裸蛋糕的话，厚薄均匀的蛋糕片看起来能让整个蛋糕的造型加分不少哦~今天就教大家如何对蛋糕进行分片，快来一起学习吧~ LTinrry甜悦的秒拍视频 @鲜城 #不可辜负的美食#,8月4日 18:48
3,18,28,104,回复@又又与女未:吉利丁有分等级，不同品牌凝固力不一样，五年前，吉利丁粉的凝固力是比吉利丁片差的，而且腥味很重，所以这么多年我都是用吉利丁片的，凝固力相对稳定，拍摄这个视频的时候我购买了市面上销量最高的几个牌子回来测试，目前市面上的粉和片可以等量使用的，甚至粉的凝固力比片还高，你也可以测试一下～,8月4日 09:58
4,67,217,478,#Tinrry下午茶# 为什么别人挤的曲奇花那么好看，而我的不是花型不明显就是挤的很难看？除开技术的原因外，很有可能你没有选对曲奇裱花嘴~并不是所有的花嘴都适合挤曲奇呢~今天就教大家怎么选择合适的曲奇花嘴哦！ LTinrry甜悦的秒拍视频 @鲜城 #不可辜负的美食# ,8月3日 19:01
5,105,574,887,#Tinrry下午茶# 做慕斯大家一定会用到的吉利丁片或者鱼胶粉，很多童鞋不知道它们之间要如何互换和使用，看完我这个视频，2分钟就可以教会你哦~ LTinrry甜悦的秒拍视频 @鲜城 #不可辜负的美食#,8月2日 19:05
6,67,58,254,#Tinrry下午茶# 我们新节目《Tinrry小技巧》上线啦！我们除了提供烘焙入门的基础产品视频教学外，也争取覆盖到烘焙中一些常用的小技巧~今天就先教大家蛋糕如何脱模~烤好的戚风蛋糕，脱模是很重要的一步，很多童鞋好不容易烤了一个完美的戚风，但是脱模不好的话，蛋糕就会坑坑洼洼影响美观~看完这个视频 ...展开全文c,8月1日 18:35
7,80,4,309,#Tinrry下午茶# 下午茶请你们吃个橙子 ，外送两颗小心心～,7月27日 17:37
8,823,1821,1227,#Tinrry下午茶# 大家一直心心念念的可爱造型戚风蛋糕教学发布啦！赶紧戳右边链接→O网页链接 而且现在有限时折扣哦~现在转发此微博并关注我，还有10个免费上课名额抽取哦~这次我会教大家不依靠奶油塑型，也能让戚风蛋糕变得更加生动有趣~并且教大家如何打出稳定的蛋白霜、如何避免蛋糕烘烤上 ...展开全文c,7月24日 19:45
9,310,74,601,#Tinrry下午茶# 戚风蛋糕应该是所有烘焙入门的童鞋最开始做的一款蛋糕~戚风普遍造型比较单一，所以我尝试做一些不同造型的可爱戚风，要保证面糊不混色，烘烤时蛋糕不烤上色是个不小的难题，经过了不下上百次的测试， 终于做出了满意的造型戚风蛋糕啦~大家想学吗？@鲜城 #不可辜负的美食# ...展开全文c,7月21日 18:20
10,46,96,450,为了让儿子能吃到更健康的食物，她从艺术家变身为彩色意粉狂人，原来爱能让创意更无限~,7月17日 12:38
11,181,344,759,#Tinrry下午茶# 终于可以发布啦！这期的视频是做杏仁小蛋糕~无论味道和口感，都非常像我小时候吃过的那种5毛钱一个的小蛋糕~但我在蛋糕里面加入了杏仁粉，原料和制作方法也有所不同，所以更好吃啦！想跟我一样找回儿时的那个味道就一起来做吧！LTinrry甜悦的秒拍视频 @鲜城 #不可辜负的美食#,7月14日 16:59
12,55,6,292,#Tinrry下午茶#下期视频里一些看着很舒爽的小细节~看起来动作一直没做完~逼死强迫症~哈哈,7月11日 19:59
13,109,9,239,#Tinrry下午茶# 测试月饼已经做了几百个了~正常回油都要2-3天的时间，根本吃不完～天气最近又下雨潮湿容易变质～好在我有回油神器真空密封盒~月饼常温裸露在空气中～大概就是保质一星期左右，放入这个神器里，戴手套操心注意卫生，常温储存一个月是没有问题哒~,7月10日 21:12
14,33,53,312,平常妹子们为了衣服的穿搭都费尽了心思，但法国一位甜点主厨Tal Spiege两年来坚持在巴黎寻找美美的甜点，并为它们找出搭配的鞋子，然后拍照PO到自己的ins上~最近又更新了不少美图~我在想，他家的鞋柜到底有多少双鞋子呢？,7月10日 13:05
15,336,18,221,没想到小助手背着我发的鬼畜视频，大家竟然觉得很有意思~那我就在评论里猜中下一期做的是什么的人里选一名盆友，送出tescoma的黄金方形烤盘一个噢！正式视频还没发布前，大家继续努力猜一猜啊~ ¡查看图片,7月8日 19:32
16,288,45,418,#Tinrry下午茶# 大家晚上好！今天背着Tinrry小姐姐发一条正儿八经的视频预告！前方高能预警~在吃饭的、喝水的盆友们可以停一停了！大家阔以猜猜下期我们做的是什么？ L秒拍视频,7月7日 18:55
17,49,71,302,那些外国网友的烘焙“车祸现场”，惨不忍睹，让人忍俊不禁啊～但话说谁的烘焙之路上没碰上过失败呀～现实和理想间的差距就是在一次次的失败中汲取经验，慢慢缩小距离～烘焙路上，我们一起继续努力呀！,7月7日 12:47
18,62,79,332,#Tinrry下午茶# 这阵子研究如何才能腌制出带沙流油的咸鸭蛋~去年就试过了几种方法，有点不稳定～所以再研究一下～小视频里演示的是干腌法～搞不好今年的中秋月饼就要靠这颗咸蛋取胜了！其实呢，我的梦想就是能做一枚安静的“闲”鸭蛋，可以闲的要命，富的流油~还有谁这样想？ L秒拍视频,7月6日 19:17
19,135,296,798,"一个居住在加拿大的博主，喜欢制作动物造型的马卡龙，每一款都特别Q～而且除了正面造型外，连背面都会把小动物的尾巴做出来呢～萌萌哒～看着就想戳一戳呢！
ins:mellyeatsworld",7月6日 13:16
20,274,7,205,#Tinrry下午茶# 最近做戚风的时候经常出现凹底的情况，有可能是因为更换了新的模具，导致受热不均～也有可能最近工作室最近同时开着好几台烤箱工作，电压不稳导致～因为换了好几台烤箱测试，也换了工作室其他小伙伴来做，还是有同样状况呢～大家最近有做戚风吗？有没有出现像我一样的问题呢？,7月5日 19:07
21,33,58,273,"尝一口夏日冰淇淋
让树荫散发薄荷的清新
欣赏蓝天白云的风景~
ins:kevinandamanda",7月5日 12:31
22,87,28,287,#Tinrry下午茶# 几天的大雨过后～终于迎来了天晴～自调超适合夏天喝的清爽夏日蜜桃momo茶，还在测试阶段哦～大家想不想学呀？ L秒拍视频,7月4日 19:09
23,107,38,352,#Tinrry下午茶# 蛋挞的灵魂在于挞水，要做出好吃的蛋挞就要从测挞水开始啦～看得出有两种不同的挞水吗？不要care我用的是速冻葡挞皮，因为我烤好后，也只是吃中间的布丁层而已～,7月3日 19:24
24,33,67,158,要做出好吃的芒果糯米饭，原材料是很重要的哦～我用的是金象牌的糯米和kara佳乐椰浆。金像算是老品牌了，不知道马爸爸家为啥买不到，大家可以试试去本地的超市看看,7月2日 12:33
25,101,341,614,各位仙女们，周末愉快呀~最近在INS上看到一款蛋糕的装饰，觉得很棒~据说是爆红INS的绝美“油画笔触”蛋糕，分享给大家，做法并不难，多了一些创意就会变得不一样~大家也可以尝试做一做哦！欢迎大家在评论晒图给我哟~ ins:Kalabasa,7月1日 21:00
26,72,151,311,#Tinrry下午茶# 关于夏天你最喜欢吃哪种水果这个问题，芒果一定能排进大家心目中最喜爱的水果前十吧？今天教大家做的这款甜点，就是泰式芒果糯米饭啦！香甜的芒果与浸饱椰浆的糯米饭，任这三种口味巧妙的融合在了一起，芒果控们，赶紧周末做起来。 @鲜城  #不可辜负的美食# L秒拍视频,6月30日 19:59
27,256,21,330,#Tinrry下午茶# 跟工作室小伙伴们一起尝了尝市面上比较火的几种口味的港式蛋挞，今天翻出了各种形状的模具，打算试试看咯！大家喜欢吃葡式蛋挞还是港式蛋挞呀？,6月29日 18:41
28,45,9,250,自调夏日西柚momo茶，喝完幸福感爆棚～猜猜都用了什么水果调配的？再来一片糖渍柠檬片～很满足呐～感觉我也可以在阳光下来一段freestyle了～,6月28日 18:59
29,114,9,436,很快就会跟大家见面的泰式芒果糯米饭，大家期待吗？,6月27日 18:53
30,165,5,397,结束了好长时间的阴雨绵绵，今天天气超好~月饼继续测测测~咳嗽还没完全好，中药真难喝，还死贵死贵的，一边喝一边审片子，要快点好起来才行～再咳下去就撑不住了！咳到胸口疼，肚子疼，腰疼的～,6月26日 19:01
31,213,5,224,高烧四天终于不再烧～然后就是后遗症咳嗽咳死～前几天吃白粥所有一切都是没有味道的～～唯一有味道的就是橘子柠檬水酸酸的了～每天带着这个柠檬杯医院工作室跑来跑去～求止咳良药～感恩～笔芯,6月24日 20:11
32,31,39,176,#Tinrry下午茶# 《变形金刚翻糖饼干》教程来啦！看似复杂，但只要跟着我的步骤操作，加上一点耐心，你也可以做出酷炫的霸天虎和擎天柱噢！ 我要准备去电影院啦，有没有想跟我偶遇的盆友呢？@鲜城 #变形金刚5# #不可辜负的美食#,6月23日 12:49
33,39,16,193,#变形金刚5# 今晚零点，变形出发！工作室的小伙伴们都是变形金刚的铁粉，所以在大家的强烈要求下，做了一个擎天柱和一个霸天虎的翻糖饼干，你喜欢博派还是狂派？我们明天打算带着它们看电影去啦！ 有没有人想知道变形金刚怎么做出来的？@鲜城  #不可辜负的美食# L秒拍视频,6月22日 19:08
34,145,244,518,#Tinrry下午茶# 跟炎炎夏日最搭的《椰子冻》来啦！我这次用的是寒天粉来制作，跟用吉利丁粉制作的口感也是不一样的，并且无需放入冰箱即可室温凝固哦！简单又快手，大家可以试试哦！ @鲜城  #不可辜负的美食# L秒拍视频,6月17日 14:31
35,91,7,277,一个做吃的公司，就是从上班吃到下班，无时无刻都在工作 L秒拍视频,6月15日 16:40
36,31,32,84,恭喜@杨书凝_MJJ 等15名用户获得【Tinrry凤梨酥】。微博官方唯一抽奖工具@微博抽奖平台 对本次抽奖进行监督，结果公正有效。公证链接：O微博抽奖平台,6月12日 22:44
37,268,338,295,#Tinrry下午茶# 这次做《凤梨酥》啦！传统的凤梨酥里面是含有冬瓜蓉的，我这次做的是纯凤梨酥，口感更为纯粹～趁着凤梨正当季，大家可以做起来哦！视频教程：L教你做凤梨酥 08  只要转发本微博评论一下对节目新风格的看法，我将在O6月12日22点通过@微博抽奖平台  抽出15盒亲手制作的凤梨酥送给你们哈～ ¡查看图片,6月11日 18:14
38,106,22,142,糊化不了的朋友，就是温度不够，以及不同粉吸水性的问题，所以这里给出3种调整的方法！ 我用的木薯淀粉是：泰国鳄鱼牌 1、混合木薯淀粉的水，大家试试温水吧～ 2、我这几天试了好几个牌子，的确有几个牌子就算用温水糊化了也是稀拉拉的，这样的话木薯淀粉增加到120克 3、戴手套操作，否则肯定粘手的,5月29日 16:52
39,259,182,360,#Tinrry下午茶# 冰晶小粽粽来啦～两种做法两个味道的馅料，还可以用水果替代～随时转换做法就几乎没有失败啦～快去买个原材料放假做来吃吃看喽～包粽子的方法特意剪得很详细，嗯～一定要学会呀～实在不想包的，用蒸熟再包的方法～包着馅料直接塞入口吧～L教你做冰晶粽 07【PS：新片头怎样？】,5月25日 21:04
40,119,18,247,#Tinrry下午茶# 《冰晶小粽粽》明天晚上发布，大家请留意，这里先给大家配方表～去买个材料吧～端午节前应该能收到～主要就是木薯淀粉和粽子叶，我买的是真空包装的～其它材料都是很容易买到的呢～,5月24日 23:22
41,31,13,64,我回答了 @jasmine0825 的问题，问题价值￥10.00，大家快来花1元围观~ O微博问答,5月23日 00:23
42,67,12,158,喝杯水水继续干活～多喝苏打水哈～#Tinrry下午茶# L秒拍视频,5月20日 16:09
43,70,8,189,吃饭啦～～你们吃了吗？#Tinrry下午茶# L微博视频,5月19日 18:56
,data_comment,data_relay,data_support,data_text,data_time
0,276,91,1416,置顶 大家好，我是Amanda，欢迎收看今天的曼食慢语。今天不是来给大家做菜的，来和大家聊天，我想对你们说的有很多，都在文章里~笔芯！ °大家好我是Amanda，我有些话要和大家说,6月26日 21:13
1,52,7,423,做了个带花纹的抹茶慕斯，周三记得来看,14分钟前
2,12,11,123,恭喜@HEREYOUARE_ 等10名用户获得【momo围裙】。微博官方唯一抽奖工具@微博抽奖平台 对本次抽奖进行监督，结果公正有效。公证链接：O微博抽奖平台,58分钟前
3,153,21,1747,疯狂撒娇的momo,8月13日 21:00
4,259,42,2721,勤俭持家,8月12日 16:36
5,408,40,1900,其实这种块状红糖我从来没有泡水喝过，每次都是直接上嘴磕，有人跟我一样吗？,8月11日 16:33
6,185,147,721,#正经厨娘# 不知道你们有没有找到藕带，没找到的要抓紧啦！我是在某宝上买的，听店家说，藕带快要快要没有了，因为再过一段时间藕带就要长成大孩子了，不再像婴儿时期的藕带一样那么脆嫩了。 点开图片有图文步骤哦！,8月11日 15:29
7,183,863,816,这条视频是有抽奖的哦！关注我，并转发这条视频，就能参与抽奖哦，抽十位小伙伴，每人送一件独家momo围裙！~~ ¡查看图片,8月9日 20:19
8,1224,3035,3804,#曼食慢语# 都说吃藕chou，然而我喜欢吃藕带（不许说chou到die）。藕带是婴幼儿时期的藕，基本上只有大量产藕的地区才有，每年只有在盛夏才能吃到，时节过了就长大变成藕了。藕带口感脆脆的，很适合各种口味酸酸的做法。吃过的请举手，爱吃的请点赞，没吃过的赶快去买～#厨房的诱惑# @鲜城  ...展开全文c,8月9日 19:42
9,100,67,898,想压～,8月9日 18:38
10,73,33,1166,去过九寨沟，也住过这家酒店，都给我留下了很好的回忆，如今却是这副景象…酒店里的天鹅不知道有没有遭难，生命在天灾面前真的很脆弱，愿大家都能平平安安地活着。,8月9日 14:39
11,337,16,1701,茄子真的好难种，你们上色为什么这么不均匀啊，能晕染一下吗,8月8日 15:18
12,292,236,2248,总有小伙伴想让我开店想吃到我做的菜，虽然这事儿现在还没实现，但是喝到我酿的酒还是不难的。最近参加了一个#红人慈善周#的活动，我拿了自酿的青梅酒作为拍品，已经酿制一年的梅酒十分醇香，不仅可以直接喝还能入菜，想要尝尝青梅酒的点这里→ O网页链接 希望这次#在线慈善拍#青梅酒所得的 ...展开全文c,8月7日 20:40
13,139,4,1779,周末看了战狼2，看完好想找人打架，想把我的拳击教练喊出来打一场……然后那只追车的狮子真是萌到喵喵叫啊,8月7日 13:11
14,93,33,1684,momo：乱成这样也不收拾一下，看我一会儿全给你咬断,8月3日 18:57
15,54,57,536,之前抽奖送的就是这家我很喜欢的monbento便当盒。有了美美的便当盒才能有动力每天带午饭啊～趁现在有活动可以下手了，先领了我的优惠券再去啊！能省五块钱买瓶冰水～O网页链接,8月3日 10:10
16,661,1712,5865,#曼食慢语# 听说还有十天左右就要迎来一大波欧洲球赛，虽然我完全看不懂球，但是时候做一个香糟拼盘了。香糟有一种酒糟的特殊香气，还有回味无穷的咸香滋味和冰镇之后清清凉凉的口感。我不会和你说我的小伙伴去看吴京的新片是带着香糟去的！#厨房的诱惑# @鲜城  N【曼食慢语】厨房剪 多功能剪刀鸡骨肉类省力 ...  ...展开全文c,8月2日 20:57
17,112,135,461,上周末吃了好多菌子，还熬了油鸡枞，到现在厨房还有鸡枞的香味~~,8月2日 15:23
18,51,110,484,恭喜@大天狗颜控迷妹 等3名用户获得【法国Monbento双层便当盒】。微博官方唯一抽奖工具@微博抽奖平台 对本次抽奖进行监督，结果公正有效。公证链接：O微博抽奖平台,7月31日 18:17
19,85,156,941,#正经厨娘# 周末来啦～酷暑夏日不宜出门宜吃冰，芒果香蕉冰淇淋馅儿的小黄人大眼萌不来一个吗？讲真画这玩意超减压，各位灵魂画手请开始你的创作～点开大图有步骤哦~,7月28日 18:23
20,1023,4095,1023,"#曼食慢语#  前几天我去看了小黄人电影，完全被唱歌的小黄人洗脑了。作为#正经厨娘# 的我把小黄人做成吃的啦！芒果味的糯米皮，包着芒果味和香蕉味的冰激凌，敲好吃！#厨房的诱惑# ps，今天有福利哦！我会在转发这条微博的粉丝中抽三位，送视频里的同款便当盒！以及请大家不要去翻我前天发的微博…
...展开全文c",7月26日 23:14
21,95,339,739,对面包发酵有困惑的小伙伴看这里！,7月26日 14:06
22,1334,77,3756,做了一个小黄人，不许说丑,7月24日 15:25
23,92,118,842,周末上海的气温就要冲击40度了...我已经准备好一冰箱的冰棒冷饮冰激凌了，你们不用劝我了，打死我都不会出门的！海外小伙伴看4K冰激凌视频点这里→→→O网页链接,7月21日 13:40
24,961,5754,12726,#曼食慢语#  现在这种天气真的啥也不想干，就想躺着吃冰，已经热到吃冰激凌都会觉得腻了，所以我做了三款水果味的、加了果酒的、没有乳脂或含量很低的冰品，加一点点酒能让冰品有种特别清凉的感觉，爱吃冰小仙女也不用担心热量太高啦！~ #理想生活季#  LAmanda的小厨房的秒拍视频,7月19日 18:11
25,397,17,2271,你们知道饿着肚子拍美食节目是种什么体验吗,7月18日 14:34
26,188,38,1750,我扑～,7月15日 15:47
27,1044,4335,10383,#曼食慢语# 最近水果店都摆上了新鲜的杨梅，红红的、圆圆的、大大的，看着可爱得不行。每次都会忍不住买多，吃多了又会牙酸，但又放不久。所以，每次买多了，我都会做冰糖杨梅干和杨梅冰茶，再泡个杨梅酒。等到来年，酒喝完了，又有新杨梅可以吃啦~#理想生活季# LAmanda的小厨房的秒拍视频,7月14日 19:34
28,107,265,1124,#理想生活季# 你们总说工作日的早上起不来，明天就是周末啦！睡到自然醒，再起来给自己做一份早餐，然后就可以约上小伙伴出去浪啦啦啦啦啦！然而天这么热我并不想出门....海外党点这里看4k超清视频→→→O网页链接 #正经厨娘#,7月14日 13:07
29,1811,10779,23028,#曼达小馆# 我又动手做早餐啦~ 这次依然是用不到15分钟做出一顿丰盛的早餐：一片熔岩乳酪吐司，一杯南瓜羹，再搭配一份新鲜水果，完美！一份黄灿灿的早餐，让一整天的精神都活跃起来！#理想生活季# @鲜城 O网页链接,7月12日 18:32
30,106,36,1668,说好的帮我检查快递呢？别睡啊momo,7月10日 13:47
31,396,16,2212,我的小菜地又收菜了～番茄长得挺好，可茄子为什么那么瘦啊,7月9日 16:13
32,129,274,1146,今天好热…我快要融化了…还好冰箱里有颜值朴素的，毫不做作的，能勾起童年回忆的红豆冰棒和绿豆冰棒，还有我很喜欢吃的椰香燕麦蜂蜜冰棒！海外党看视频点这里→O网页链接你们最喜欢什么味的冰棒呢？,7月7日 16:41
33,324,80,3154,斑节虾的尾巴好漂亮～,7月7日 14:43
34,1382,8161,12507,#曼食快语# 天气热的太快，每天都是不见不散的大太阳，随便走两步就满头汗，吓得我赶紧拿出冰棒模具，做了三种怀旧口味的冰棒，更了一期（拖了半年的）快语，毕竟天这么热，我还想去冰箱躺着，节目就短点吧。#理想生活季# @鲜城 LAmanda的小厨房的秒拍视频 N【曼食慢语】冰棒雪糕模具 DIY雪糕 包邮 日本...,7月5日 19:44
35,161,39,2791,一张极不情愿的合影,7月3日 22:07
36,322,474,2385,请给我来一份奇亚籽馄饨，一个卤蛋帕尼尼，一碗牛油果盖浇饭谢谢,6月30日 22:04
37,279,667,1412,#正经厨娘# 油泼扯面不难做，扯好面条，摆上辣子、小葱和蒜末，热油往面上那一浇，嗞啦~~海外党点这里看视频→O网页链接 做扯面记住3个诀窍：面要现做、油要现泼、辣子要香。最后，最重要最重要的是——做完赶紧蹲下吃！#深夜发吃拉仇恨# #深夜食堂# 第5、8张图要缩小一下才能看哦!,6月29日 20:00
38,5515,23369,30635,#曼食慢语# 前几天半夜躺床上看《白鹿原》，白嘉轩吃着仙草做的油泼扯面，可馋死我了！吃完还叫着“再弄一碗”，听到这话我马上起床给自己弄了一碗！现扯的面条很有劲道，酸酸辣辣的，美滴hin！据说扯面有专用的食用姿势，请搭配使用。#理想的生活# LAmanda的小厨房的秒拍视频,6月28日 18:55
39,512,32,1199,上周参加了元朗荣华在深圳的新品月饼发布会，才发觉又是一年中秋在不远处了。前两年做过鲜肉和蛋黄莲蓉两种月饼了，今年正好从元朗荣华找找灵感～发布会上吃到了好吃的心太软奶黄月饼，有种芝士蛋糕的感觉，还有馅料超足的蔓越莓月饼，吃起来是粒粒分明的口感，你们想看我做什么口味的～,6月28日 13:41
40,1167,162,1616,在画廊看到一副很喜欢的画，仔细一看原来是粽子（图1）…我果然还是对食物最感兴趣，图2是什么你们能看出来吗～,6月25日 17:16
41,239,29,2857,每次去到不错的酒吧都会想起小时候的梦想，当个酒吧老板娘，有生之年一定会实现这个梦想，立贴为证,6月23日 22:33
42,151,310,1046,周末到了，想吃宵夜的心是不是蠢蠢欲动呀！做一盆小龙虾，冰一打啤酒，找一部电影、电视、综艺或者球赛，开动！（其实1kg真的不够吃，请大胆启用你家最大的锅）#深夜发吃拉仇恨##深夜食堂#,6月23日 20:01
43,2455,10219,14740,#曼食慢语# 我也不知道小龙虾什么时候就成功上位突然成了宵夜的标配，反正我跟你们一样，没能抵挡得住它的诱惑，自从进入吃小龙虾的季节，我已经在家偷偷吃过好几顿了...今天会把我的独门秘制十三香小龙虾分享给你们。Q弹紧实的虾肉和浓香的酱汁，今晚的宵夜就是它啦！#深夜食堂# #正经厨娘#  ...展开全文c,6月21日 17:43
