0,896,78,627,"置顶 如果您买我的书，请戳链接：
京东O网页链接
当当 O网页链接
亚马逊 O网页链接
淘宝￥tzLxS84yv8￥O[共三册】 二狗妈妈的小厨房之中式面食 辽科...
咱的书可以180度平铺，书皮和内页是分开的哟～～～
如果您不买我的书，请点开第5图，有搜索方子的方法，已经发了五百多个方子，随便用哟～～ ...展开全文c",1月23日 06:23
1,1,转发,6,俩大美妞妞～～～,今天 12:13
2,2,10,10,太赞啦～～～,今天 12:12
3,1,4,9,还不错～～擀压别太用力哟～～～,今天 11:37
4,评论,5,10,厉害～～,今天 09:46
5,评论,8,17,真棒～～,今天 09:45
6,1,转发,8,哎呀～～～太可爱啦～～～～,今天 09:42
7,40,转发,120,"我今天的早餐
我觉得吧……
一般人家还真养不起我……",今天 07:54
8,2,转发,18,恭喜恭喜～～🍾️,7月26日 22:17
9,评论,2,8,#看直播抢红包# 我在@柏翠电器官方微博 的直播间抽到@柏翠电器官方微博 和 @柏翠Petrus 送出的红包啦，据说最高的有200金币！想要你就一起来~（来自L一直播:柏翠电器官方微博正在直播）APP下载地址：O网页链接,7月26日 22:01
10,5,5,12,香辣小龙虾披萨（墨鱼饼底哦！）（来自L一直播:柏翠电器官方微博正在直播）APP下载地址：O网页链接香辣小龙虾披萨（墨鱼饼底哦！） /,7月26日 20:38
11,评论,4,7,好棒,7月26日 19:25
12,评论,2,5,面粉吸水性不一样哟～～下回适当减少液体～～～,7月26日 19:12
13,评论,1,14,做得好呢～～～,7月26日 19:11
14,3,2,16,萌娃娃好可爱～～,7月26日 19:11
15,评论,1,7,可爱呢～～,7月26日 19:10
16,2,13,30,太美了～～～～,7月26日 14:17
17,3,10,11,真棒,7月26日 10:56
18,1,9,7,哈哈，根本不够吃～～,7月26日 10:55
19,3,8,6,特别好吃的一款～,7月26日 10:54
20,评论,5,12,哎哟～太好玩啦～～～～,7月26日 10:54
21,1,3,7,哇哦哇哦～～～,7月26日 10:51
22,4,7,8,太厉害了～～～～,7月26日 10:50
23,评论,10,22,太可爱啦太可爱啦～～～～,7月26日 10:47
24,评论,8,8,真好,7月26日 10:45
25,1,5,9,棒棒哒,7月26日 10:41
26,6,10,16,好厉害～～～,7月26日 10:36
27,2,4,15,真棒真棒～～,7月26日 10:13
28,评论,5,10,太厉害了～～,7月26日 10:13
29,评论,5,10,好赞～～～,7月26日 10:12
30,2,1,6,真棒,7月26日 10:12
31,评论,6,5,美美哒～～～,7月26日 10:10
32,3,9,15,第六图～～～,7月26日 10:09
33,评论,4,10,好可爱可爱可爱～～～～～,7月26日 10:07
34,评论,6,13,真好～～～,7月26日 09:55
35,4,5,9,好看～,7月26日 09:54
36,27,2,112,老公炒的辣子鸭肉、我拌的土豆丝、油菜、水煮荷包蛋，老公熬的粥～～～周三，早上好～～～,7月26日 05:31
37,2,12,34,这么漂酿，谁忍得住～～～,7月25日 06:34
38,2,3,19,特别棒～～～,7月25日 06:34
39,评论,5,10,这款超级好吃～～～😋做的真诱人～～,7月25日 06:33
40,25,1,85,稻香村松仁小肚、买的凉皮、水煮荷包蛋、馄饨～～周二，早上好～～～,7月25日 05:40
0,536,2027,1644,"置顶 好多新来的朋友反映翻不到食谱，做了一个小汇总，都是近期的。
附上微博食谱地址，这些都可以通过私信索取，
在私信中，输入关键词即可收到自动回复。
但是不要用私密消息，系统不识别哦！

用到的工具模具，可以手机TB搜索【兔子de烘焙杂货铺】 铺号87117583
个别找不到可以直接评论或丢图问我哈！...展开全文c",4月17日 13:29
1,5,5,28,又到饿点了不可能不好吃的龙虾泡饭,7月26日 21:12
2,18,2,22,啊啊啊这视频作业有毒！,7月26日 19:17
3,评论,1,15,而且无添加非膨化哟！搓搓乐！,7月26日 19:14
4,6,转发,16,漂亮啊！发现其实我也算是面食小能手咯？,7月26日 19:13
5,评论,转发,4,很好！这真的很励志。鹅纸爱吃是最大的鼓励,7月26日 19:12
6,1,9,10,作业小能手！,7月26日 19:10
7,7,53,39,超级接地气的旅游攻略！收！,7月26日 18:20
8,162,1154,846,"#理想生活季# 我们从小吃到大的零食~【牛奶小馒头】@鲜城 @秒拍美食
大人爱吃，宝宝也喜欢！外壳松脆，奶味浓郁，入口即化。
食谱也是很简单的，放上一首喜欢的歌，一起来玩搓搓乐吧！
配方图5，做法图6，
小视频戳->：L八卦兔JadeCw的秒拍视频

#不可辜负的美食#",7月25日 20:45
9,25,90,99,“浓浓奶香入口即化”L八卦兔JadeCw的秒拍视频 （使用#秒拍#录制，免流量看热门短视频！）,7月25日 20:43
10,评论,2,24,吃完炸鸡勇闯天涯,7月25日 20:21
11,9,13,22,为了嘴巴更不寂寞我觉得应该再搞个鸡肉干，啃起来是不是更方便？,7月25日 20:20
12,21,转发,31,零食链顶端的日常,7月25日 14:56
13,4,2,21,回复@壹八贰八:真会吃啊。灯光，麦克风递给这位同学//@壹八贰八:这个万能酱，炸年糕好好吃，就是酱加点水加点水淀粉粘稠一点涂抹年糕，就是小时候学校门口炸的串串。或者加点水调汁，新鲜香菇洗干净背面涂抹放烤箱烤着吃，万能酱特别贴别棒。可以烧很多东西。,7月24日 19:57
14,23,190,124,表再问哪里买万能酱了。看这条↓↓黄焖鸡和万能酱酱的做法都有哈！这个酱料烤肉焖锅炖菜也好吃！,7月24日 19:46
15,12,13,37,一次发酵的确省一半时间，每天在厨房的我都觉得自己是块半熟的五花肉,7月24日 19:31
16,46,4,27,跟烘焙相比，我做菜路子比较歪，你们不嫌弃的话我以后多发发家常菜。你们都爱吃啥？,7月24日 19:29
17,4,1,21,广告上是啥效果？不满意都给我！,7月24日 19:28
18,12,7,33,的确可以蒸馒头，会很白很喧,7月24日 19:27
19,12,转发,20,那不是因为她迫不及待被你吃掉，是因为你挤得太满了,7月24日 19:25
20,95,转发,67,"好想去学画画，自己都看不下去了
有没有会画画的老司机带带我",7月23日 19:16
21,2,1,14,菜谱也是仅供参考温度时间！毕竟各家烤箱性能差别也很大！摸清楚脾气就好了！,7月23日 19:14
22,1,1,17,图3我看了好多遍，晃到晕。 我也喜欢这么吃，加点辣加点醋,7月23日 19:13
23,5,转发,22,真的勇士这样的天气也照样做吃的！,7月23日 19:11
24,10,2,22,漂亮啊？是鸡肉还是鱼肉啊？,7月23日 19:10
25,6,转发,16,认识好久了吧，才交作业你也好意思,7月23日 19:09
26,10,转发,25,牛奶底浓郁，酸奶底清爽.,7月22日 16:01
27,2,1,21,可以说是非常巧手啦,7月22日 15:59
28,6,转发,15,多打上劲儿就比较q，不过肉馅儿安全才是最重要,7月22日 15:58
29,28,5,66,赞赞赞！棉花一样啊！,7月21日 20:30
30,评论,2,17,不拦着就喝了,7月21日 20:30
31,评论,3,17,烤锅巴！做这个我可以消耗一锅剩饭,7月21日 20:29
32,评论,转发,16,这种一块块才凉爽呢！！,7月21日 20:28
33,21,6,41,再也不用煎鸡胸啦.,7月20日 20:58
34,6,18,33,难得收到完整的视频作业哈哈,7月20日 20:55
35,103,53,269,"昨天的【龙虾泡饭】，简易食谱.
天热任性不爱动，字丑画残请见谅
龙虾选小号就行，大的除了贵（主要是贵）肉还容易有点老（请忽略那只手绘的残疾龙虾吧）",7月20日 13:33
36,12,1,40,终于等到你，以后别潜水,7月19日 19:36
37,6,转发,29,饭模的表情,7月19日 19:35
38,5,1,16,皮滑馅儿大！加辣油好赞,7月19日 19:33
39,5,48,32,吃的好陶醉,7月19日 19:30
40,26,2,92,有朋自远方来，freestyle一个泡饭,7月19日 17:12
41,20,2,33,回复@绿小姐的后花园:方子晚点上，龟毛如我打算再改改。不要用之前那一版啦。//@绿小姐的后花园:回复@八卦兔JadeCw:不过敏不过敏，那马上俺也做点，兔子这是哪个方子呢，推荐推荐,7月17日 16:17
42,6,转发,18,炸鸡冰啤，夏日标配,7月17日 15:48
43,8,转发,42,咖啡配包，一看就好,7月17日 15:46
0,11,9,3,周末抽 奖,今天 11:10
1,74,2,29,"最近有点放飞自我，事实证明一胖毁所有。
无论是明星还是普通人，胖了不仅身体不健康，人还显得又老又难看。
套用薇姐的话说，我不是易胖体质，我是吃的比常人多

这个夏天因为太热，我不仅没瘦又胖回几斤，要开始新一轮的减肥了[加油]今年我减不下去就不活了",7月26日 21:37
2,7,12,10,抓紧时间,7月26日 14:34
3,45,1,85,早餐，肉包子，月饼，紫米荞麦粥，盐鸭蛋，酱黄瓜，泡菜。 吃到了@殿殿and麦田 做的四味月饼，每个味道都好吃，尤其最爱抹茶味,7月26日 09:53
4,159,350,44,"你们等的多士炉团 购来啦，具体介绍在图️
方式是报暗号“百合雨儿”，店 铺我放评论中。
价格是1080，关 注我+转 发，7月30抽 奖送 图️

这款小巧的多士炉更适合平时不常用大烤箱烘焙，并且上班没时间做饭的人群。它不用预热的技术，可以大大减少你们做各种美食的节奏。

本款烤箱不适合烤面 ...展开全文c",7月25日 09:12
5,1,1,1,8月课程马上就要开始啦,7月24日 20:59
6,29,1,100,"最近得了一种严重疾病，名叫“拖延症”，已到了无药可救的地步怎么办
谁来救救我！
天天一登陆微信就是各种留言，我欠的菜谱好像越来越多，还债的路越走越远……（P:目前的微信号已经加满，很抱歉没办法再加了。）
未来一段会很忙碌谁说家庭主妇没工作的",7月24日 18:52
7,57,1,33,差点忘记说了，明天上午十点少量上 架。本来买了上百多个瓶子，还有包装 箱。醋啊，糖啊，盐啊也买了好多，准备好好做一批尽量让你们都买到。结果辣椒，辣椒竟然没有卖的我一周内天天去菜市场，被告知因为太贵所以一直没进货。那就什么时候买到什么时候做也谢谢大家这么喜欢吃,7月24日 16:41
8,78,2,92,新周早餐，烙饼，清炒小油菜，醋泡黑豆，鸡心黄皮果，番茄蛋花汤。 今天番茄蛋花汤做的特别好喝，弟弟一个人就喝两大碗，然后每个人喝汤的时候都会说一句真好喝，每次被他们夸奖还是超级开心的。鸡心黄皮果是第一次吃，上上周正好肠胃不好的时候看到@kiki的DIY美食 发的图一下就被吸引了，酸酸 ...展开全文c,7月24日 09:23
9,155,489,47,果汁机第五 团啦！最近问我的人又很多，所以再开一次。转 发并关注我，7月28号抽 一台送。抽中购 买者，免 单！屏蔽链   接我会发评论中。 也谢谢大家这么信任和喜欢,7月23日 13:19
10,62,1,104,其实我们涵涵小时候还是蛮漂亮的，就是上学后有点胖有点长列巴了，不过今年好像又长回来了,7月22日 13:18
11,35,1,87,图️，她7岁他1岁。图️️，她8岁，他2岁。图️，她9岁，他3岁。图️，她10岁，他4岁。图️️️，她10岁，他4岁。,7月22日 13:12
12,36,3,115,翻看她俩的照片特别感慨，一年一年两个人就这么长大了，在一起的照片还是拍的太少太少。有些照片现在回头来看，拍的是真不怎么样，但是记录本身就是最后意义的。爱你们，等你们俩长大了一起看,7月22日 13:00
13,1,转发,31,看电影，其实我只是想发第一张,7月21日 20:36
14,8,1,21,接着玩游戏此时已经是拼体力的时候了。,7月21日 20:34
15,23,转发,41,电影还没看，零食骗着我买了一大堆,7月21日 20:30
16,39,转发,72,"今天的日常好容易北京下了场有点进入秋天的凉爽感觉的雨，结果俩孩子不在家呆了，下雨也要出门 目标看电影
但感觉打着看电影的旗号两个人什么都没落下，逛超市，玩游乐场，看电影，吃东西一样没少啊……
现在给她俩拍照越来越难了，这是为数不多有正面的照片，其它基本都是背影",7月21日 20:09
17,1,转发,11,哇我们大美女做啥都好吃,7月21日 20:04
18,25,转发,31,论带孩子良好体质的重要性，本来就是看场电影，结果看电影前她俩非要去超市买🍿️和其他零食，然后等开场前夕还要去游乐园玩。全程陪逛陪玩还要拎包、拍照，真的这是个拼体力的年代,7月21日 14:46
19,25,转发,21,"L百合雨儿的秒拍视频 (使用#秒拍#录制,免流量看热门短视频!)",7月21日 13:48
20,141,2,80,#日常#这个酷夏尤其喜欢绿色@yaya小舍 家的大芒果/糖渍青梅慢慢变成琥珀色/新收的铁锅，打算好好把它养起来/自制的蒜蓉🌶️辣椒酱/拍图5的时候认真拍的一张都没用，最后选了一张涵姐乱动时候抓拍的/我爱的锅队伍日益壮大/新收的做饭工具/一早起来给孩子们蒸了些包子，香……/本张图就是这个夏 ...展开全文c,7月20日 13:11
21,74,29,289,四人份早餐🏻🏻🏻🏻🏻‍🍯🥗🥞🌽🥛,7月19日 09:17
22,80,1,117,"早餐，三明治，🌽，，芒果，鸡心黄皮果，🥛

姐弟俩非要吃三明治，那就想吃什么咱就做什么",7月18日 08:44
23,3,2,5,竟然没看到要上新啦咖啡壶好用非常喜欢,7月17日 21:21
24,31,转发,70,今天里发生的事，病好了真好，能干活真好,7月17日 20:33
25,29,转发,36,哦对了，弟弟也是受到惩罚的，我跟他说三个月之内不会买新玩具和任何零食吃，他的零花钱都要扣除来赔壁纸钱，他觉得很合理就同意了,7月17日 13:11
26,46,1,39,把舅妈家的壁纸换好了，弟弟也知道错了，后来我问他为什么会要画那么一大块红色。他说他是想画一头牛，结果没有那么大的纸，只好在墙上画了图️是他画的龙。姐姐告诉我那天她俩一起看了部动画片，动画片里的主人公就是在墙上画了小动物然后就从墙上活了弟弟说他也要画，他们谁都没在意 ...展开全文c,7月17日 12:53
27,88,1,126,"新周早餐，糊塌子，蒸🍠，🌽，拌秋葵，🍑
新周早",7月17日 08:39
28,76,2,37,#家有熊孩子#姐弟俩昨天上午非要去舅妈家玩，结果今天去接她们发现弟弟把一个卧室画成了这样真是一天都不给我省心，问他谁干的，把所有的事都懒姐姐身上，坚决不承认。我说有录像，弟弟还说那你把录像放出来我看看 熊孩子最近没少干坏事，把家里墙上地上沙发上画的到处都是，教育了多少次 ...展开全文c,7月15日 10:48
29,152,1,139,"屋漏偏逢连夜雨，我病了，涵姥姥也病了，比较严重的那种。涵爸这下可忙坏了，昨晚赶紧去姥姥家接孩子们回来，今年还要带姥姥去看病。平时也就算了，最近北京的天真的热的没法形容，他还要上班。每每这个时候我就把他平时气我的事全都给勾销了，然后在我力所能及的时候尽可能的对他好。
这可能也是我们 ...展开全文c",7月14日 13:49
30,78,转发,10,这几天病了，三天没起来床，你们也多多注意防暑。今年热的离奇啊……,7月13日 19:25
31,113,4,131,"早餐，南瓜松饼，蓝莓，牛奶，️
简单却又舒服的一餐，用的@菌子食堂 家的低卡南瓜味松饼粉，吃完一盘真的会饱饱的",7月10日 09:04
32,71,5,131,"午饭，西红柿鸡蛋面，🥒，红肠，杨梅气泡水。想来想去还是吃点西红柿鸡蛋面吧，再拌上面我家的蒜蓉辣酱，吃着下饭
实在不知道吃什么的时候就把我家冰箱常年必备的三样食材拿出来了，🥒🥚，只要有这三样绝对不怕她们在家饿着。西红柿可以切碎跟葱花炝锅煮小面条吃，黄瓜可以各种切丝搭 ...展开全文c",7月8日 15:22
33,47,1,21,终于到了吃什么都没胃口，但肚子又很饿的酷热假期。一家四口从上午十点就开始商量午饭吃什么，说到吃什么，然后自己又马上否定说其实也不太想吃。就这样，到现在我们还没吃午饭呢,7月8日 13:04
34,70,转发,50,又是忙碌的一天，一大早送完两个孩子去学校（她们并没有完全放假，正式放假是下周四）马上去了菜市场，买了新鲜的🌶️，回来洗完，切好，熬好已经是下午4点。真的很累，累到我再也不想做辣酱了 还忘了接弟弟放学的时间 回来开始洗瓶子消毒，刚刚才把所有的酱放凉后罐装好，贴上标 ...展开全文c,7月7日 23:31
35,87,3,66,"跟你们说个事，今天逛无印良品的时候我把手机落在货架上，买完东西就走人了
要不是涵姐说用一下我手机都没发现手机不见了。赶紧回忆最后一次用手机是在哪里，想来想去就是在无印良品。回去找，没想到被好心的人捡到送还给了收银台。工作人员说他才入职5天就遇到两个丢手机的
也知道是男生 ...展开全文c",7月6日 22:23
36,25,转发,71,今天的图文,7月6日 19:17
37,21,2,25,"“今天暴走一天，我要好好吃一顿。”L百合雨儿的秒拍视频 (使用#秒拍#录制,免流量看热门短视频!)",7月6日 18:09
38,43,转发,62,"娘俩出了地铁就赶上下大雨，小姑娘却依然玩的开心。涵姐开始还在抱怨鞋都湿透了让我买雨鞋，结果走了一会就开始玩跳水坑了
今天哪也没逛成小姑娘走哪吃哪，告诉我今天好幸福我说吃这么点东西就把你幸福的不行啦，她说平时我都不给买（哎垃圾食品有时候还是要给孩子吃的）
图5我说给她买 ...展开全文c",7月6日 14:20
39,40,1,33,"“我们三个今天外食，，又是一个欢乐的早晨。”L百合雨儿的秒拍视频 (使用#秒拍#录制,免流量看热门短视频!)",7月6日 07:57
40,30,转发,42,假期开始了，四个人挤一起看“电影”（电影名是摔跤吧爸爸），刚才超市下单的零食也送到了，瞬间觉得好腐败。（P：你们的订单我下午全部发出了为自己鼓个掌）,7月5日 20:00
41,15,4,29,我最喜欢的一对CP，真的真的要结婚了，恭喜恭喜🎊🍾️ 怪不得看剧的时候被甜到,7月5日 09:09
42,66,转发,63,今天涵姐期末考试，夜里下了雨，早晨起来感觉凉快了很多。她非要吃一根油条俩鸡蛋🥚 又说让我把油条变成法棒，也是一大根 祝你考试顺利哦,7月4日 06:20
43,19,转发,21,今晚失眠了，乱七八糟的想了好多事，就是睡不着，思绪完全停不下来……然而，4个小时后我就要起床了……,7月4日 02:08
0,421,720,763,"置顶 黑白配的巧克力牛奶心形布丁~~喜欢吗做法来啦~
#用美食说我爱你#
@鲜城 L秒拍视频 .",2月22日 08:22
1,6,7,7,☞架子(●◡●)ﾉ//@至美孤行：@像星期一的星期天  终于等到这个架子的团购了,今天 09:06
2,314,790,85,大家呼声很高的置物架~今明两天开tuan，四层架日常138，现118，gou买lian接见评论~后四图是礼物，转发并@ 1位好友，即有机会获得~7月28日在@微博抽奖平台 抽取两位，4款壶可任选其一，好运~,7月26日 08:58
3,1522,16,40,紫薯面包#吃好早餐#@东菱电器官方微博#慧绘美食记#（来自L一直播:_慧绘美食记_正在直播）APP下载地址：O网页链接 2北京,7月23日 20:19
4,167,10,26,真紫薯面包#吃好早餐#@东菱电器官方微博#慧绘美食记#（来自L一直播:_慧绘美食记_正在直播）APP下载地址：O网页链接 2北京,7月23日 20:05
5,320,308,444,"早呀
真紫薯面包的配方整理好了
低油低糖比较健康的一款，
建议多看两遍做到胸有成竹了再开动~
这个星期天23日晚8点直播这款面包，
有时间的一起来玩吧，
有礼物送~...展开全文c",7月21日 07:51
6,303,8,165,"猫宁ing~
早餐用梅花吐司做了牛油果三明治，
炒彩虹果蔬空心面，
搭配酸梅汤，
小西红柿~
吃饱饱出门上班啦...展开全文c",7月20日 08:52
7,287,19,179,"早呀~
西瓜吐司/
田园南瓜饭/
酸梅汤~
现在的小南瓜很甜很面，
挖一勺炒饭，
再挖一勺南瓜，...展开全文c",7月19日 08:19
8,330,12,213,"早安~~
熊猫蛋糕卷/
酸梅汤/
白灼芥蓝/
南瓜粥/
橙子/
葡萄~...展开全文c",7月18日 08:16
9,419,36,318,"昨夜下了一场雨，
连续几天的高温终于降下来了
凉爽又舒适的清晨~早安呀~
早餐在吐司上作了几幅小画，
彩绘水果吐司，
能看出来都是什么吗
还捏了两个小鸡造型牛肉汉堡，...展开全文c",7月14日 08:09
10,149,128,143,"大白枣泥面包~
配方整理好了
夏天揉面一定要注意温度，
面团28度就开始发酵了，
我都是开着空调揉的
如果觉得面团温度高了，
可以先盖保鲜膜放冰箱冷藏一会再揉~...展开全文c",7月13日 08:06
11,437,7,71,悄悄的问一句，近期有需要买海氏hm770厨师机和c40烤箱的吗🙋🏻可以申请到粉丝专享优惠，史上最低价,7月12日 21:21
12,292,79,497,那些蔬菜和水果~🍠🍄,7月11日 12:34
13,470,15,287,"新尝试的紫薯造型面包~
从里到外都是紫薯做哒
低油低糖~
好像生紫薯摆上来一样，
不提前说明的话，
会很有趣吧
早餐...展开全文c",7月11日 08:30
14,257,9,209,新周早安~~,7月10日 08:27
15,290,352,492,"一些有趣的蛋糕切面~

*西瓜蛋糕  O网页链接

*抹茶旋风蛋糕卷  O网页链接
直播 O网页链接
...展开全文c",7月7日 08:27
16,278,14,201,"(づ●─●)づ (●––●)
早~~
大白枣泥面包/
火龙果思慕雪/
五彩葱油面/
核桃/
今天的蔬菜藏在面里~...展开全文c",7月6日 08:18
17,321,14,202,"早
说好的雨终于下了，
驱走了些许炎热，
太喜欢雨后清晨的清新舒适感了~
夏日里的早餐，
吃的越来越早，
也越来越少...展开全文c",7月4日 08:11
18,402,95,212,"周一早呀~~
香脆芝士馒头/
紫米粥/
咸鸭蛋/
玉米面窝头/
抹茶豆浆/
搭配核桃/...展开全文c",7月3日 08:16
19,436,11,116,大白(●––●)枣泥面包#慧绘美食记#@鲜城（来自L一直播:_慧绘美食记_正在直播）APP下载地址：O网页链接 2北京,7月2日 15:02
20,342,6,140,大白(●––●)枣泥面包#慧绘的美丽生活#@鲜城（来自L一直播:_慧绘美食记_正在直播）APP下载地址：O网页链接 2北京,7月2日 13:06
21,389,1473,1354,"早呀~
黑钻吐司的配方整理好了~
可可味的蛋糕包裹着香软的面包，
一口吃下去，
双重享受~
此配方为2个450g吐司的量，
可以减半操作~...展开全文c",6月30日 08:08
22,212,245,293,"双色蔬菜凉皮配方来了~
炎炎夏日自然要用简易法，
不用洗面，
很快就能吃上的美味~
用高筋粉制作的，
如果家里没有，
用普通中筋粉也可以，...展开全文c",6月29日 08:33
23,343,12,215,"猫宁ing~~

周三早餐
红豆酒酿小圆子，
葱花鸡蛋摊咸食，
还有周末做的黑钻吐司，
搭配杨梅汤，...展开全文c",6月28日 08:24
24,320,23,212,"早安~~
今天吃生煎菠菜饺，
烤蓑衣土豆，
绿豆粥，
搭配杨梅柠檬水，
樱桃~
蓑衣土豆和蓑衣黄瓜切法一样，...展开全文c",6月27日 08:25
25,313,24,155,馒头揉面#慧绘美食记#@鲜城（来自L一直播:_慧绘美食记_正在直播）APP下载地址：O网页链接 2北京,6月25日 17:18
26,1663,22,241,黑钻吐司#慧绘美食记#@鲜城（来自L一直播:_慧绘美食记_正在直播）APP下载地址：O网页链接 2北京,6月24日 20:01
27,250,29,196,"一晃又周五啦~
一直在下雨，
这种天气实在是适合在家里睡觉呀，
再坚持一天~
早餐做了无油低糖的双色玉米华夫饼，
搭配核桃藕粉，
还有甜糯的黑玉米，...展开全文c",6月23日 08:27
28,236,293,275,"图文版配方整理好了
大理石纹酸奶慕斯~
每个人都可以做出独一无二的纹理~
不喜欢甜的可以不加糖，
直接搅打奶油奶酪就行~
没有朗姆酒也可以不加，
但是没有奶油奶酪不行~~...展开全文c",6月22日 10:19
29,308,19,227,"夏至
早安~
早餐做了三色凉皮，
桂花糯米藕，
酸梅汤，
还有红提做的小兔子~
天气越来越热了，...展开全文c",6月21日 09:21
30,355,147,253,"早安~
早餐/
无油低糖版绿豆糕/
全麦面包/
蔬菜沙拉/
大理石纹慕斯蛋糕/
草莓奶昔/...展开全文c",6月20日 08:23
31,602,4228,4179,"属于夏天的清爽慕斯蛋糕~
大理石纹酸奶慕斯
每切一块都能得到不同的纹理~
不用烤箱就能做,
简单快手~
这次减了糖量，
也没有用饼干＋黄油做底，...展开全文c",6月19日 07:50
32,409,27,216,"早呀~
某一天的下午茶~
大理石纹酸奶慕斯&有爱之岛天然甜酒&铂芳桃红起泡酒~
新尝试的一款切开有惊喜的蛋糕
不用烤箱就能做，
很适合夏天呢~~
比起来其他厚重的甜芝士蛋糕，...展开全文c",6月16日 08:02
33,262,381,366,"柴犬面包文字版配方~
方便不好看视频的宝宝们~
再发一份图文版的
看好多人已经实践了，
发现这个面包很容易做成熊宝宝，
一定要注意耳朵的形状→三角形△
还有眼睛的大小和位置~...展开全文c",6月15日 07:45
34,480,648,770,"猫宁ing~~
柴犬面包配方整理好了~

视频做了好多天，
大家久等啦~
此配方可以做12个柴犬包，
操作蛮简单的，...展开全文c",6月13日 08:36
35,424,980,674,"心形夹心蛋糕的做法整理好了~
被问过最多次的一款生日蛋糕，
切开有惊喜系列
分享给大家~

蛋糕分三部分制作，
巧克力海绵蛋糕＋草莓慕斯＋巧克力甘纳许，...展开全文c",6月9日 08:05
36,327,40,390,早安~同一角度•早餐桌,6月8日 08:20
37,240,41,249,早呀最近的每天一杯思慕雪~,6月7日 08:10
38,533,66,460,"餐具•收纳~

新买了一个柜子，
没收到的时候就开始各种设计，
安装好之后，
和预想的一样，
几百件餐具收纳的刚刚好~...展开全文c",6月6日 08:17
39,250,7,188,"周五早呀~~
我们的小菜园又丰收啦
无农药、无激素和化肥的天然绿色有机蔬菜~
往年都是自己吃，今年种的有点多
欢迎大家预定~想吃的可以找@慧绘的美丽生活
时光在不停地流动，
植物在肆意地生长🌱...展开全文c",6月2日 07:52
40,571,211,1574,"今天和柴犬宝宝一起过六一，儿童节快乐呀~
小柴内心os：主人你只要不吃我，怎样都好
姐费了九牛二虎之力亲手做的面包，还不能咬一口看看组织吗，剩下的几只还能组团一起打王者农药，你们玩吧
#不可辜负的美食#
@鲜城",6月1日 08:11
41,1178,7285,6577,"青蛙挤挤小面包的做法~~
赶在六一儿童节之前整理出来了~
今天争取把大家一直想要的心形夹心蛋糕配方也写出来，
放假休息的可还好
节后上班第一天，
收心啦，
精神点~~...展开全文c",5月31日 08:20
42,484,37,281,"今天的蔬菜藏在面食里~
还记得这款挤挤小面包吗，
去年做过一次，
昨天整理的时候觉得上次做的不够好，
于是又做了一遍，
这次有文字配方了~
早餐...展开全文c",5月27日 08:33
43,270,703,513,"这一年来做过的挤挤系列~~
①泰迪熊挤挤小面包：直播链接O网页链接
②熊猫挤挤馒头：O网页链接
③米奇米妮挤挤面包：O网页链接
④金鸡抱福奶黄包：O网页链接
⑤挤挤小面包：O网页链接
⑥轻松熊和hellokitty挤挤面包：配方同5~直播链接 ...展开全文c",5月26日 08:28
0,20235,46662,106067,"置顶 【牛肉面】它被很多人叫错为兰州拉面。牛肉面是我的人生菜单，代表着我在西北最好的一段时光。这是我爸做的家常版，也是我心目中最好的版本。希望能被看完
#一日一食一记# L日食记的秒拍视频",6月14日 21:44
1,974,2964,5896,"【夏日宵夜合集】夏天不吃宵夜还怎么活？整理了之前做过的几种，晚上也不给你肚子放假 #一日一食一记#
【花甲粉】L日食记的秒拍视频
【盐酥鸡x花枝丸】O网页链接
【螺蛳粉】L日食记的秒拍视频
【冒菜】O网页链接
【酸辣粉】O网页链接",7月26日 22:24
2,1305,7692,5492,这是我朋友的外甥女，家里特别着急，帮扩，希望姑娘平安,7月26日 20:02
3,5998,27475,4831,来抽奖送个厉害的东西，传说中“镶500万颗钻”的意大利拉歌蒂尼不粘锅。亲测好用，连煎鱼皮都不粘，用油能比平时少近一半，无油烟，跟普通不粘锅不是一个次元的我太喜欢了，所以收在我店铺里了，买锅戳→O【日食记】蓝钻28cm平底无烟不粘炒锅 赠7件套...,7月25日 20:29
4,148,481,2492,恭喜@不如卖瓜丢丢梨 等3名用户获得【桂花蜜】。微博官方唯一抽奖工具@微博抽奖平台 对本次抽奖进行监督，结果公正有效。公证链接：O微博抽奖平台,7月25日 14:19
5,538,1561,4952,对了，这次片尾彩蛋是最近公司小伙伴都在B站追的番@异世界食堂_动画 ，一看就肚子饿，安利给你们，链接戳右→O网页链接,7月24日 23:12
6,10138,28241,43072,"【蛋包饭】学会了做这个，哄女孩子开心不用愁不过这次做饭我好紧张，蛋包饭做得好不好，真是出锅的一刻定生死……
#一日一食一记# L日食记的秒拍视频",7月24日 21:15
7,964,3296,8353,"【钵仔糕】爱死这个又Q弹又剔透的甜甜的小东西了 #一日一食一记#
视频戳→L第一百零二回 钵仔糕这么好吃的东西 你居然没...",7月21日 20:30
8,1189,4225,4258,叔来送桂花蜜了，用它搭配夏天的冰品，或加一点在水果茶里，简直香到要起飞抽三瓶，下周二@微博抽奖平台 开奖,7月21日 17:04
9,218,1107,3674,好看，感觉也挺合适做成风铃啥的,7月21日 14:31
10,5425,16800,33527,"【钵仔糕】这么可爱的东西，我居然没吃过！好看到舍不得吃，甜丝丝的，嚼着嘎吱嘎吱还弹牙
#一日一食一记# #放肆美食# #放肆一夏# L日食记的秒拍视频",7月20日 21:09
11,254,442,3583,戴上耳机，睡前听饭，晚安,7月19日 22:16
12,375,1436,4246,我现在每晚，不吃上一碗这个就不得劲,7月18日 20:41
13,3594,19233,27935,"【杏仁豆腐】夏天没胃口？来吃我的豆腐吧滑到嘴里又凉又嫩，甜甜的可好吃了~
#一日一食一记# #放肆一夏# #放肆美食# L日食记的秒拍视频",7月17日 21:22
14,3111,2635,16862,说我今天良心发现没放毒的，会动的毒来了对，都是我做的，你打我呀？,7月16日 23:24
15,1424,437,12879,不睡想啥呢你？（图依次是：小刀，奶油，咖喱，酥饼）,7月16日 22:51
16,719,2450,6502,周末晚上我刚遛完狗，自己也热成狗，盘算着一会吹着空调来份酱油炒面，再开瓶冰啤酒,7月14日 21:32
17,1121,4319,9626,听叔的，好好吃早餐,7月14日 07:41
18,1164,867,12364,任何力量也无法阻拦心向自由，早安,7月14日 07:28
19,163,1196,2970,恭喜@一粒小红豆啊 等20名用户获得【福佳啤酒和六角杯】。微博官方唯一抽奖工具@微博抽奖平台 对本次抽奖进行监督，结果公正有效。公证链接：O微博抽奖平台,7月13日 21:56
20,6996,26190,41476,"【酱油炒面】好吃到让你嘴边沾满酱汁都顾不上擦，一点不夸张。别忘了加个荷包蛋
出镜@管家的日子 #一日一食一记# L日食记的秒拍视频",7月13日 20:44
21,539,1870,4520,"【夫妻肺片】是最近我最爱吃的凉拌菜，油亮辣爽的酱汁一淋，立刻有了能下两碗饭的魔力
#一日一食一记# L第九十九回 夫妻肺片没夫妻就算了 连肺片都没...",7月11日 21:14
22,1992,421,8671,今天拍了个故事，刚收工…这个点应该没人还醒着了吧？还没睡的可以来评论里反省一下自己,7月11日 02:40
23,3691,8660,21658,"【夫妻肺片】能干掉好几碗米饭的超强凉菜！不过这菜名分明耍流氓，既没有夫妻，也没有肺片
#一日一食一记# L日食记的秒拍视频",7月10日 21:09
24,636,4619,3333,啃卤味怎么能不来口酒，来抽奖吧，从转发的粉丝中抽20位送@Hoegaarden福佳啤酒 和经典六角杯，下周二@微博抽奖平台 开奖，购买链接→O福佳旗舰店 ¡查看图片,7月8日 21:10
25,1254,11544,8251,"【卤味鸭脖拼盘】卤味太危险了，特别是鸭脖什么的，入味有嚼劲，再来瓶啤酒完全停不下来
#一日一食一记#",7月8日 20:08
26,1693,22693,23388,【夏日凉菜合集】夏天没几道压箱底的凉菜，还怎么活？整理了我之前做过的几道，收好 #一日一食一记#,7月7日 21:29
27,1238,133,12648,开了个ins，没事来找我玩,7月7日 21:07
28,9639,35495,54000,"【家常版大盘鸡】鸡中最爱，一顿只吃这一盘足矣。等鸡吃得差不多了，往汤汁里下点面，几乎满足了我对食物的所有幻想
#一日一食一记# L日食记的秒拍视频",7月6日 21:00
29,1006,1512,4052,"【冷吃兔】家常版图文步骤来了，第一次吃兔兔会有一些心理障碍，但太好吃了所以很快就习惯了
视频戳→L第九十七回 兔兔这么可爱 这么好吃 #一日一食一记#",7月4日 20:52
30,636,1136,3795,快下班了，一起来吃兔兔啊,7月4日 17:06
31,5642,8883,20761,"【冷吃兔】兔兔那么可爱，怎么可以……那么好吃？！家常版也鲜香麻辣有嚼劲，吃过后能理解大灰狼的感受了
#一日一食一记# L日食记的秒拍视频",7月3日 22:02
32,3644,2878,15234,晒一些做过的饭，每张都会动，晚安,7月1日 23:12
33,669,1384,10095,这个点吃夜宵太罪恶了，听个饭解解馋吧~ 以后“听饭”会在我的个人号发，来吧,6月30日 22:31
34,855,1964,5316,"【地狱麻辣烫】读书的时候恨不得每天都来份麻辣烫，点上一碗喜欢的食材，最后把汤一口气呼噜光，爽！
#一日一食一记# L第九十五回 人有多大胆 麻辣烫有多大碗",6月28日 21:13
35,346,986,3200,恭喜@cherisezzz 等3名用户获得【自制油泼辣】。微博官方唯一抽奖工具@微博抽奖平台 对本次抽奖进行监督，结果公正有效。公证链接：O微博抽奖平台,6月28日 16:41
36,19760,41240,63325,"【地狱麻辣烫】你吃麻辣烫的时候喝汤吗？反正我肯定是端起来一喝到底的那个
#一日一食一记# L日食记的秒拍视频",6月26日 21:18
37,288,787,2619,恭喜@弋安- 等5名用户获得【管家的面】。微博官方唯一抽奖工具@微博抽奖平台 对本次抽奖进行监督，结果公正有效。公证链接：O微博抽奖平台,6月26日 15:39
38,708,2987,7618,下午茶做好了，你们慢慢吃，我遛狗去了,6月24日 16:23
39,911,3886,6954,"【酸汤肥牛面】菜名念十遍包饿，你们念，我去再吃一碗
视频戳→L酸汤肥…不行, 这菜名念的我流口水 #一日一食一记#",6月23日 20:39
40,1099,8222,8000,唉，自从孤陋寡闻的我知道可以选无糖，最近我都没停过，简直有毒,6月23日 14:55
41,137,432,2073,恭喜@yyEML 等3名用户获得【自制油泼辣】。微博官方唯一抽奖工具@微博抽奖平台 对本次抽奖进行监督，结果公正有效。公证链接：O微博抽奖平台,6月23日 14:03
42,137,432,2073,恭喜@yyEML 等3名用户获得【自制油泼辣】。微博官方唯一抽奖工具@微博抽奖平台 对本次抽奖进行监督，结果公正有效。公证链接：O微博抽奖平台,6月23日 14:03
43,137,432,2073,恭喜@yyEML 等3名用户获得【自制油泼辣】。微博官方唯一抽奖工具@微博抽奖平台 对本次抽奖进行监督，结果公正有效。公证链接：O微博抽奖平台,6月23日 14:03
0,645,4639,1695,"置顶 肉松蛋糕卷
这款蛋糕卷也是反复调整好多次
真的超好吃😋、我女儿让我每天都做
咸口的真的清爽很多 少了甜卷奶油的腻口
鸡蛋5个、海盐2.5g、细砂糖50g、无味食用油45g、牛奶55g、低粉65g、葱花适量、肉松适量。
肉松当然要选森森家的无添加肉松才会更好吃呀 O女侠森森 肉松3味各一罐 装无添加 换味道可备...",1月13日 19:41
1,55,348,259,"红茶太妃糖：淡奶油300,白砂糖150,麦芽糖50.红茶适量。红茶淡奶油热浸泡 过滤出红茶不要（我懒，直接放红茶粉。其实是忘记了）所有材料混合入锅中小火一边搅拌一边熬到118～120度左右（如下图）装入模具冷却后切块。吼吼吃～用不完的奶油就这么消耗",6月15日 21:50
2,66,6,93,"来刷个存在感 上课花太多的精力 耐心 心思
昨天的月饼 今天的蛋黄酥 都已经美出新高度
每次结束大家都不敢相信是自己做的🙄
9月之前所有课都满了
大家一而再再而三的赶过来上课 那么远 很感动😹
你们老偷拍我 我也偷拍你们",6月15日 21:06
3,7,转发,40,"学员和森森做的
傻傻分不清
一样好
端午刚过完 我们已经迎接中秋了🙄 L秒拍视频",6月15日 20:53
4,28,2,67,也感谢一路有你们陪伴,6月8日 22:52
5,64,转发,52,"每次都有几个老学员 每次群里都在讨论我
每次临走都问下一次什么时候可以再来
每次她们都可以那么开心 每次她们都觉得收获满满
今天来显摆显摆🙈然后我就感觉不那么累了🙄
ps：图️的抹布好用哭了",6月8日 22:35
6,129,9,280,"今天的蛋糕卷毛孔细到看不见了🙈
每次蛋糕卷课她们除了惊讶就是惊讶😺
那么多边角料呢
全吃了 好吃好吃好吃 😋",6月5日 00:37
7,9,7,36,少女️,6月3日 00:53
8,12,3,13,随身一罐 走到哪里吃到哪 保证停不下来,6月3日 00:52
9,13,1,31,这批蛋黄大成 看的我饿,6月3日 00:51
10,4,转发,6,恭喜@子涵妈蛋黄酥 1名用户获得【 面包机】。微博官方唯一抽奖工具@微博抽奖平台 对本次抽奖进行监督，结果公正有效。公证链接：O网页链接,6月3日 00:39
11,67,4,67,"今天烤了十二盘麦片
做了戚风胚子还是那么嫩
随意抹点奶油
夹一些榴莲
人间美味😋
不信你就试一下
晚安啦",5月26日 23:58
12,54,转发,25,"大家都收到麦片了么
怎么样呀
吃起来根本不能停对不对
配上自己做的酸奶拍完就吃了这么大碗
等课的同学对不起六月份一定一定上课 我已经在排了 好了发你们 懒了一个月",5月25日 22:08
13,10,转发,20,我每天抱着当零食吃不能停 真材实料 每一种都是最好的原料  了解我的人都懂 都不敢宣传做不出来,5月22日 21:04
14,5,1,16,没有泡打粉的磅蛋糕 掌握了我上课说的关键技巧 棒棒哒,5月22日 21:00
15,27,12,34,"大家的肉松卷做的超级好的
还没做的赶快做起来",5月22日 20:58
16,80,17,104,"我烤了坚果麦片
你准备好酸奶了么
自己烤的麦片配自己做的酸奶😋
每天酸奶麦片不能停",5月17日 16:36
17,33,10,24,😋好吃到爆的肉松蛋糕卷还有人没试过么 那必须要试试 @ 我的作业多到爆炸,5月17日 14:22
18,13,6,44,好美  按我说的做 绝对不会失败,5月17日 14:14
19,212,1777,1389,"蛋白糖
简单又可爱 平时做生日蛋糕也可以拿来装饰哦
烤干以后温温的就要装好保鲜盒密封才不会返潮
蛋白霜不需要打到特别硬
糖水温度控制不好可能会失败哦",5月17日 10:54
20,14,1,24,颜色淡淡的 超级可爱,5月17日 10:45
21,6,2,13,哇哈哈 这是什么节奏 大家快来交作业啦,5月17日 10:44
22,56,1,35,"牛扎饼独立包装好看又费时费成本
每盒贵两块钱的话
你会选哪种",5月15日 21:53
23,44,转发,25,"不露脸的直播还是蛮轻松的
最后没电了就断了
难为你们了
要听那么难听的声音",5月5日 19:52
24,627,263,417,春风十里，不如直播一场，我在一直播等你！（来自L一直播:女侠森森正在直播）APP下载地址：O网页链接 2佛山,5月5日 18:40
25,53,4,83,"蛋白糖烤好了也好吃呦😋她本来就是糖 就该甜
有一个多月没有端相机
看到这些糖不由自主就端起了相机 可爱吧
@阿莫玲 家的餐巾超级美啊 跟我穿的裙子布料一样一样舒服 好喜欢 还有桌布
当然少不了@puffi 家旧木板 喜欢喜欢 都消毒好的适合我这种洁癖",5月5日 17:07
26,54,3,35,"我来讲一下
最近好几个发这样的图片
问我为什么蛋黄酥不酥
图片这样的根本不是酥不酥的问题
没熟没熟没熟
生的也不好吃啊[捂脸]
我觉得这种很容易就可以看出是因为不熟啊",5月5日 11:11
27,24,4,25,必须好吃到爆 最近都没空收作业 你们都做了没,5月5日 10:26
28,8,1,12,趁热卷不会裂 你们试试,5月5日 10:26
29,106,1,95,"有人提议直播
想直播么
挤的好看还是有点技巧的
你们一般都上哪个直播呀
几点钟比较好
晚上没空",5月4日 23:39
30,48,3,71,"太可爱
有木有
嘎嘣脆
入口即化
准备好花嘴温度计
明天一起玩",5月4日 21:16
31,62,转发,73,"白天上课
晚上订单
一个人加班苦
配的给不给💯 L秒拍视频 .",4月27日 21:43
32,27,7,104,"实在忍不住吃了一个
今天的巧克力和抹茶是有史以来做的最最好的一次
😋 L秒拍视频 .",4月21日 20:01
33,22,5,91,下午茶️来一块覆盆子芝士慕斯是不是很完美,4月21日 13:39
34,18,1,26,"作业太多 随便拉几个出来
每次红茶卷卷最受欢迎了
都是回家做的比上课好🙄
估计手把手的让你们紧张",4月21日 13:31
35,15,1,14,"亲们
私信太多了根本不敢点开
有事wei xin留言给我留好
我夜里会回复的🙄",4月21日 13:12
36,67,5,88,"1000个小贝壳
真的做的好酸爽
谢谢大家的支持
又让我累积了经验
小贝壳越做越好看 越做越好吃 L秒拍视频 .",4月20日 21:14
37,69,1,60,"下课后自己加班挤了三盘还债
今天超级超级累
每个人都要手把手教到会啊啊啊",4月16日 22:38
38,29,2,53,"沥水篮也太好看了吧
而且又大又实用
@臻子寻味  买家秀来啦",4月14日 18:12
39,55,466,320,"姜撞奶 简单到只需要三分钟的甜品😋
姜汁8g 鲜奶110 细砂糖8
一般都是用水牛奶 为了方便我用鲜奶
来客人的时候分分钟就可以露一手
姜要用老姜 牛奶温度不宜过高70～80度就好
吃完一杯整个人都暖暖哒 快去试一下",4月14日 16:00
40,65,13,34,大家的肉松蛋糕卷还是停不下来呀,3月26日 12:35
41,43,转发,21,给你们的都是好的 每个蛋黄都是筛选的 100个里面基本上有20+不太好的,3月26日 11:50
42,42,2,69,给你们看看昨天的节奏 L秒拍视频 .,3月26日 11:32
43,29,转发,19,当然不通知啦 不通知都忙成了,3月26日 11:30
0,1891,7867,5881,"置顶 #曼食慢语#  前几天我去看了小黄人电影，完全被唱歌的小黄人洗脑了。作为#正经厨娘# 的我把小黄人做成吃的啦！芒果味的糯米皮，包着芒果味和香蕉味的冰激凌，敲好吃！#厨房的诱惑# ps，今天有福利哦！我会在转发这条微博的粉丝中抽三位，送视频里的同款便当盒！以及请大家不要去翻我前天发的微博…
...展开全文c",7月26日 23:14
1,80,265,588,对面包发酵有困惑的小伙伴看这里！,7月26日 14:06
2,1258,70,3331,做了一个小黄人，不许说丑,7月24日 15:25
3,82,94,750,周末上海的气温就要冲击40度了...我已经准备好一冰箱的冰棒冷饮冰激凌了，你们不用劝我了，打死我都不会出门的！海外小伙伴看4K冰激凌视频点这里→→→O网页链接,7月21日 13:40
4,865,5074,11239,#曼食慢语#  现在这种天气真的啥也不想干，就想躺着吃冰，已经热到吃冰激凌都会觉得腻了，所以我做了三款水果味的、加了果酒的、没有乳脂或含量很低的冰品，加一点点酒能让冰品有种特别清凉的感觉，爱吃冰小仙女也不用担心热量太高啦！~ #理想生活季#  LAmanda的小厨房的秒拍视频,7月19日 18:11
5,379,16,2084,你们知道饿着肚子拍美食节目是种什么体验吗,7月18日 14:34
6,183,38,1666,我扑～,7月15日 15:47
7,1007,4186,10015,#曼食慢语# 最近水果店都摆上了新鲜的杨梅，红红的、圆圆的、大大的，看着可爱得不行。每次都会忍不住买多，吃多了又会牙酸，但又放不久。所以，每次买多了，我都会做冰糖杨梅干和杨梅冰茶，再泡个杨梅酒。等到来年，酒喝完了，又有新杨梅可以吃啦~#理想生活季# LAmanda的小厨房的秒拍视频,7月14日 19:34
8,101,219,1028,#理想生活季# 你们总说工作日的早上起不来，明天就是周末啦！睡到自然醒，再起来给自己做一份早餐，然后就可以约上小伙伴出去浪啦啦啦啦啦！然而天这么热我并不想出门....海外党点这里看4k超清视频→→→O网页链接 #正经厨娘#,7月14日 13:07
9,1804,10920,23139,#曼达小馆# 我又动手做早餐啦~ 这次依然是用不到15分钟做出一顿丰盛的早餐：一片熔岩乳酪吐司，一杯南瓜羹，再搭配一份新鲜水果，完美！一份黄灿灿的早餐，让一整天的精神都活跃起来！#理想生活季# @鲜城 O网页链接,7月12日 18:32
10,105,35,1615,说好的帮我检查快递呢？别睡啊momo,7月10日 13:47
11,392,15,2133,我的小菜地又收菜了～番茄长得挺好，可茄子为什么那么瘦啊,7月9日 16:13
12,127,255,1092,今天好热…我快要融化了…还好冰箱里有颜值朴素的，毫不做作的，能勾起童年回忆的红豆冰棒和绿豆冰棒，还有我很喜欢吃的椰香燕麦蜂蜜冰棒！海外党看视频点这里→O网页链接你们最喜欢什么味的冰棒呢？,7月7日 16:41
13,318,80,3043,斑节虾的尾巴好漂亮～,7月7日 14:43
14,1351,8076,12351,#曼食快语# 天气热的太快，每天都是不见不散的大太阳，随便走两步就满头汗，吓得我赶紧拿出冰棒模具，做了三种怀旧口味的冰棒，更了一期（拖了半年的）快语，毕竟天这么热，我还想去冰箱躺着，节目就短点吧。#理想生活季# @鲜城 LAmanda的小厨房的秒拍视频 N【曼食慢语】冰棒雪糕模具 DIY雪糕 包邮 日本...,7月5日 19:44
15,160,38,2740,一张极不情愿的合影,7月3日 22:07
16,318,467,2325,请给我来一份奇亚籽馄饨，一个卤蛋帕尼尼，一碗牛油果盖浇饭谢谢,6月30日 22:04
17,261,610,1354,#正经厨娘# 油泼扯面不难做，扯好面条，摆上辣子、小葱和蒜末，热油往面上那一浇，嗞啦~~海外党点这里看视频→O网页链接 做扯面记住3个诀窍：面要现做、油要现泼、辣子要香。最后，最重要最重要的是——做完赶紧蹲下吃！#深夜发吃拉仇恨# #深夜食堂# 第5、8张图要缩小一下才能看哦!,6月29日 20:00
18,5396,23074,30199,#曼食慢语# 前几天半夜躺床上看《白鹿原》，白嘉轩吃着仙草做的油泼扯面，可馋死我了！吃完还叫着“再弄一碗”，听到这话我马上起床给自己弄了一碗！现扯的面条很有劲道，酸酸辣辣的，美滴hin！据说扯面有专用的食用姿势，请搭配使用。#理想的生活# LAmanda的小厨房的秒拍视频,6月28日 18:55
19,500,32,1162,上周参加了元朗荣华在深圳的新品月饼发布会，才发觉又是一年中秋在不远处了。前两年做过鲜肉和蛋黄莲蓉两种月饼了，今年正好从元朗荣华找找灵感～发布会上吃到了好吃的心太软奶黄月饼，有种芝士蛋糕的感觉，还有馅料超足的蔓越莓月饼，吃起来是粒粒分明的口感，你们想看我做什么口味的～,6月28日 13:41
20,260,88,1290,大家好，我是Amanda，欢迎收看今天的曼食慢语。今天不是来给大家做菜的，来和大家聊天，我想对你们说的有很多，都在文章里~笔芯！ °大家好我是Amanda，我有些话要和大家说,6月26日 21:13
21,1162,161,1594,在画廊看到一副很喜欢的画，仔细一看原来是粽子（图1）…我果然还是对食物最感兴趣，图2是什么你们能看出来吗～,6月25日 17:16
22,238,30,1023,每次去到不错的酒吧都会想起小时候的梦想，当个酒吧老板娘，有生之年一定会实现这个梦想，立贴为证,6月23日 22:33
23,147,296,1029,周末到了，想吃宵夜的心是不是蠢蠢欲动呀！做一盆小龙虾，冰一打啤酒，找一部电影、电视、综艺或者球赛，开动！（其实1kg真的不够吃，请大胆启用你家最大的锅）#深夜发吃拉仇恨##深夜食堂#,6月23日 20:01
24,2410,10163,14594,#曼食慢语# 我也不知道小龙虾什么时候就成功上位突然成了宵夜的标配，反正我跟你们一样，没能抵挡得住它的诱惑，自从进入吃小龙虾的季节，我已经在家偷偷吃过好几顿了...今天会把我的独门秘制十三香小龙虾分享给你们。Q弹紧实的虾肉和浓香的酱汁，今晚的宵夜就是它啦！#深夜食堂# #正经厨娘#  ...展开全文c,6月21日 17:43
25,434,51,3640,生日宴老公请吃油光光的红烧肉，大海碗装的长寿面，烂糊糊的疙瘩汤…蛋糕呢？鲜花呢？说好的18岁少女呢？跟人设不符啊亲,6月20日 22:58
26,24,86,376,恭喜@犹未觉晓 等5名用户获得【“四海维拉”旅行三件礼包】。微博官方唯一抽奖工具@微博抽奖平台 对本次抽奖进行监督，结果公正有效。公证链接：O微博抽奖平台,6月19日 17:16
27,165,24,1170,昨晚去卫生间碰见大幂幂了，出来保安问我，见到明星不拍张照吗？大哥你咋那么热心呢 ¡查看图片,6月19日 13:45
28,615,672,2009,今天是想和大家说一件小事情，6月20日是我今年的18岁生日！今年生日想亲口对喜欢我这么久的小伙伴们说一声感谢，谢谢你们一直以来对我的关注和支持，也谢谢之前特地赶来上海参加线下活动的粉丝们！我的店铺会开启生日狂欢模式！听说打折力度很强！另外我会从转发这条视频的小伙伴中，抽三位，送“雪宜 ...展开全文c,6月17日 14:30
29,240,108,1738,老是拿奖，怪不好意思的，谢谢微博，谢谢大家的厚爱#超级红人节#,6月16日 22:18
30,340,51,850,我在亚米星球展会现场，给你烤个大虾！～（来自L一直播:Amanda的小厨房正在直播）APP下载地址：O网页链接,6月16日 15:36
31,244,766,564,我知道周三的节目大家都光顾着看风景(我本人)了没仔细看菜，下面是斑斓椰奶冻和泰式蒸鱼的菜谱，拿去吧～这次的大别ye是在“四海维拉”平台上预定的，转发这条微博，抽5位送“四海维拉”给客人定制的三件旅行好物：Sudio VASA BLA瑞典蓝牙耳机、旅行大礼包、Vagnabys丹麦红酒7in1便携醒酒器。,6月16日 14:16
32,37,27,385,周五说来就来！明天15:30~16:30，我会在亚米星球展会的现场烤个大虾，有票的小伙伴记得来吃！来不了小伙伴可以在直播上看啊！学会了就能自己做了~~,6月15日 19:45
33,1018,1759,7332,#曼达小馆##正经厨娘# 前段时间我去了趟泰国的普吉岛，在这样风景无敌好，又有大厨房的地方不做顿饭多可惜啊！于是做了一个又鲜又嫩，配上酸酸辣辣酱汁，有泰式风味扑向全身的泰式蒸鱼。还有颜色看着就很清凉，吃起来有浓浓椰子香还很爽口的斑斓椰奶冻～#理想的生活# LAmanda的小厨房的秒拍视频,6月14日 20:44
34,310,46,5539,#超级红人节# 周五我会去参加微博红人节，感觉自己红红哒～@超级红人节,6月14日 16:20
35,1800,751,4056,看了5分钟中国版深夜食堂……就想问有哪位成年女子敢把泡面当宵夜，请你站出来接受一下我的敬意,6月13日 18:59
36,47,242,432,恭喜@黎尐仙- 等5名用户获得【亚米星球节6月16日套票】。微博官方唯一抽奖工具@微博抽奖平台 对本次抽奖进行监督，结果公正有效。公证链接：O微博抽奖平台,6月9日 15:03
37,125,589,1166,xo酱干烧大虾和炒饭，其实在拍xo酱炒饭的时候，我脑子里一直在循环播放周星驰《食神》里火鸡姐的画面…虽然没有吃过电影里的黯然销魂饭，但这碗饭可以说是非常销魂了！大家试做的话也请搭配食神里火鸡的bgm食用～#微博电影之夜# #我的观影故事#,6月9日 12:15
38,1192,5613,7738,#灵魂美食# 14年我教过大家如何自己在家做xo酱，三年后我终于走上了阿干妈的路…干烧大虾，什锦虾仁炒饭，再加点xo酱，有多好次你们自己看节目吧～福利时间：周五从转发里抽5位盆友，送6月16日亚米星球节的套票，凭票可以免费吃大餐哦，我也会带着我的XO酱去参加这个展会，有空的话去找我玩吧~ ...展开全文c,6月7日 18:42
39,189,89,1509,xo酱干烧大虾和炒饭，来一口么？,6月7日 15:51
40,244,16,1862,有粉丝送我张好看的壁纸，转赠给你们,6月7日 00:10
41,31,45,458,昨天的下午茶线下活动很成功，感谢小伙伴们这么多年来的支持！直播抽中奖的小伙伴注意了，快点把你们的联系方式私信发来，我要给你们发奖品啦！~我记得有小伙伴说微博名和一直播名不一样，把你们的一直播账号页截图私信给我也可以哦！~,6月5日 18:51
42,610,45,1104,请你来喝下午茶阿老师（来自L一直播:Amanda的小厨房正在直播）APP下载地址：O网页链接,6月4日 13:39
43,71,8,576,说好的今天请大家喝下午茶，马上要开始了！很多小伙伴不能来和我玩耍，不要难过，除了下次有机会，你还可以自己泡一壶茶，在直播上参加啊！今天下午两点，直播见！,6月4日 12:34
0,195,477,179,置顶 让烤箱搞定一切，把自由还给自己！食帖第18本书《#真的，烤箱什么都能做# 》全国上市啦！从小食到大餐，烤箱实用指南一本收录！烤箱挑选法 / 经典烤箱菜 / 烘焙进阶 / 温度科学。天猫快速入手：N食帖18·真的，烤箱什么都能做 （转发本条送新书，3个名额）,6月21日 22:07
1,评论,1,48,图5的画风不一样啊。 （《#真的，烤箱什么都能做#》入手方式：京东／当当／亚马逊／淘宝／天猫，检索书名即可）,7月26日 22:39
2,345,169,377,最近看“炒冰”视频的人好多， 没太明白High点是啥。 L秒拍视频,7月26日 22:15
3,60,233,415,Lurpak丹麦黄油CM，用烹饪的声音当伴奏，并没有很洗脑。（60s循环） L秒拍视频,7月26日 21:13
4,55,164,456,明知是模型，还是看饿了。来自Nunu’ s House，日本一家微缩模型公司。（ins. nunus_house),7月25日 22:02
5,64,238,336,真的辣眼睛！认识11种外国辣椒：希腊金椒、烟味辣椒、泰国辣椒、鸟眼辣椒、安可辣椒、风铃辣椒、墨西哥辣椒、哈瓦那辣椒、西班牙干辣椒、娜迦毒蛇辣椒、特立尼达蝎子椒。 L秒拍视频,7月25日 20:59
6,26,69,273,Hana shiro的家，位于东京一处小公寓。因空间有限，她利用不锈钢架+收纳盒，搭建出一个轻巧低成本的“岛式”厨房。#厨房，治愈人生的避难所#,7月24日 21:40
7,15,40,132,《#蔬菜多好吃啊#》这本又加印了，原来这么多人喜欢啃草。（购书方式：在京东／当当／亚马逊／天猫／淘宝，检索书名即可。）,7月23日 22:03
8,605,7630,3886,「每个人总有一天会变成大人，但，那又怎样呢？」宝矿力最新的CM，超青春感！超热血！痛快的青春真好。（两则60秒连播，给大家配了字幕） L秒拍视频,7月23日 21:28
9,108,969,1022,8道快手烤箱菜 | 大热天的，安利几个道不用开火的快手菜。有鱼有菜有肉，交给烤箱就能做。（更多内容收录于《#真的，烤箱什么都能做# 》，全网检索书名即可入手）,7月22日 21:33
10,194,395,910,一些午餐便当的灵感，来自韩国姑娘Mi Sun。几乎每餐都有均衡的肉、谷、果蔬搭配，分量方面，适合胃口适中，或是对身材控制有需求的女生。 （《#便当灵感集#》入手方式：京东／当当／亚马逊 检索书名即可）,7月21日 22:15
11,135,405,532,技术向短片《大师的手工香肠》｜4分钟，完整展示香肠的制作过程：洗肠衣、选肉、配料、绞馅、灌肠、打结。一出手，就知道是老江湖了。（出自ChefSteps，无字幕，但不影响观看） L秒拍视频,7月21日 21:28
12,235,324,464,把3美元淘的生锈旧菜刀，磨成削菜如泥的宝刀！全程肥肠带感！（出自日本猫奴厨男Juns小哥哥，边看磨刀边看猫 ） L秒拍视频,7月20日 21:15
13,45,520,453,近期收集了50条关于“烤箱”的读者提问与解答，在这里分享给你们。（更多内容收录于《#真的，烤箱什么都能做#》，全网检索书名即可入手） °烤箱什么都能做，只要你知道这50件事,7月19日 22:12
14,59,337,420,实用技术片 《如何煎好一块冷冻牛排》| 3分钟，迅速了解冷冻牛排煎好的关键。无需解冻，只改变牛排冷冻方法，增加煎油用量，便可轻松get煎牛排新技能。（来自经典烹饪科学视频《America's Test Kitchen》系列） L秒拍视频,7月19日 21:17
15,206,252,904,童年杀系列，《蜡笔小新》中的纳豆拌饭片段。（当年看完，追着家长买纳豆，结果买回来打开包装……. ） L秒拍视频,7月18日 20:58
16,73,432,583,充满了人味儿。,7月18日 12:24
17,648,1390,6553,利落的「割包」刀法，看得又爽又疼...... #了不起的面包#,7月18日 09:02
18,246,502,770,最近在日本大火的“残念猫”，吃东西时各种“小确丧”。（太丧了，分明是我本人）,7月18日 00:13
19,49,170,225,啤酒烤猪肘｜传统德式大肉，皮脆肉香。 ①猪肘、黑啤、洋葱、大蒜、盐、黑胡椒、小茴香混合，220℃烤30分钟；②加入苹果、土豆、黑啤，160℃继续烤1小时，取出托盘，淋黑啤，再烤1小时；③最后再倒黑啤，220℃烤30分钟即可。视频：L【The MeatMen】啤酒烤猪蹄 #真的，烤箱什么都能做# （同名书可在京东下单）,7月17日 21:23
20,7,44,247,Jo Rodgers，英国自由撰稿人，常年在各地旅行。旅途中，她有几个小偏爱：火车、船、野餐篮。前不久，她在非洲完成了一次草原之旅。 （ins: jo_rodgers）,7月17日 09:15
21,27,34,131,大晚上的，暴击。提醒一下，这本《真的，烤箱什么都能做》，已经全网现货：在京东／当当／亚马逊／天猫／淘宝，检索书名即可。,7月16日 22:29
22,14,150,230,纪录片《食彩之国·加贺蔬菜》｜加贺蔬菜，是指在日本「金泽」种植的传统蔬菜，共有15个品类。金泽依山傍海，土质透气，水质清甜，「育种」管理严格，使这里出产的蔬菜，品相独特，且品质超好。这集内容，展示了用夏季时蔬制作的朴素料理。高清放送：L食彩之国 第686回 加贺蔬菜【@FoodForFun】 @FoodForFun #蔬菜多好吃啊#,7月16日 21:08
23,98,8,101,今天来了很多人！大家都长得好好看！！提问也好认真！！！你们建议下一场去哪里办？#食帖线下活动#,7月15日 17:29
24,91,165,1119,大口吃饭，大声说话，大胆做人。,7月14日 23:08
25,126,150,531,一直乖哭的陪吃汪！！！！！小女孩叫Philo，汪星人叫Pompon，坐标巴黎。（ins：philo_pompon）,7月14日 21:01
26,26,12,127,水土不服就服你！《#真的，烤箱什么都能做#》 入手方式：京东／当当／亚马逊／淘宝／天猫，检索书名即可。,7月14日 12:47
27,133,426,682,工业短片《抹茶的制作过程》 | 取材自日本静冈的抹茶工厂，迅速了解抹茶的制作流程。蒸青、去除表面水分、干燥、切碎、去茎秆及叶脉、冷藏熟成、石磨碾磨，直至颗粒尺寸达到5至10微米。（无字幕，但不影响观看） L秒拍视频,7月13日 22:33
28,129,59,458,此刻窗外，雨未落，雷声阵阵。,7月13日 22:31
29,15,14,55,「美食的编辑力」线下活动通知：这次活动有点特别！主讲人是食帖编辑部的幕后团队（是的，要曝光了）！ 现场会和大家分享，如何从0到1，做一本美食特集书。时间／地点：7.15（周六）14:00~15:15，北京侨福芳草地中信书店。（活动报名请私信：姓名+手机号+预约人数） #食帖线下活动#,7月13日 21:38
30,43,121,357,夏日の和果子 | 住在日本横滨的Kyoko，是个果子爱好者，常按照时令，创作不同的主题。入夏后，她开始制作一些清凉系的作品，金鱼、西瓜、荷花、溪水……夏日风物，浓缩于碟盏之中。（ins：mikeranalove）,7月13日 09:08
31,63,149,269,戈登·拉姆齐的人生污点｜ 活久见，毒舌戈登竟然输了！这次，她和女演员杰米·亚历山大，一起比赛制作Taco，然后让三位评委选择哪个更好吃，结果…...（此处省略戈登内心一万字哔哔哔） L秒拍视频,7月12日 21:23
32,133,585,945,Sami一家，住在日本的一个海港小城。拥有一方屋舍，一块菜园，一双儿女。夏收冬藏，厨房内外，伴随着每日的餐食，孩子们渐渐成长。（ins. hiyotaroo）#厨房，治愈人生的避难所#,7月11日 22:00
33,19,219,262,纪录片《亚洲色香味》合集丨亚洲料理在美国到底有多火？本片通过记录美国各地的亚洲餐厅，再现中国、日本、韩国、泰国、印度、越南等国传统菜肴在当地的演变与再生。透过食物，可以了解各国的特色食材与饮食习俗。全7集视频放送：O网页链接,7月11日 21:00
34,13,91,377,Kym，英国摄影师，旅行者。喜欢通过食物、餐馆、咖啡厅、旧书店、植物店、杂物店，去了解一座城市。（ins: kymgrimshaw）,7月10日 22:03
35,36,228,266,纪录片《异乡亦厨》第3集：一段史诗级的烤肉之旅 | 来自澳洲的牛肉鉴赏家John Torode，前往烤肉圣地阿根廷，在草原上一路驱车，寻找完美的牛肉，学习质朴的烤肉法。（片中好多大肉肉）中字放送：L【中英双语】异乡亦厨 EP03 阿根廷牛肉奥德赛... @FoodForFun,7月10日 21:05
36,302,903,1476,Aya，坐标日本，两个孩子的妈妈，收纳控，清洁控。生活哲学：让厨房一尘不染。（强迫症看着有点爽）#厨房，治愈人生的避难所#,7月9日 23:14
37,20,20,83,入坑+进阶，书中都有喔。 食帖最新的一本特集《#真的，烤箱什么都能做#》，购买方式：京东 / 当当 / 亚马逊 / 天猫/ 淘宝，直接检索书名即可。,7月9日 10:31
38,153,60,353,蛇草水咖啡？ 2青岛,7月8日 14:22
39,37,59,437,山林间，办一场户外聚餐。（ins. anisa.sabet）,7月8日 09:02
40,63,807,725,严肃科学短片《为什么加糖的时机很重要》| 2分半钟，迅速了解「蛋白霜」打发过程中，蛋白与糖的「分子结构」变化原理！为什么加糖要在45s～60s之间？过早或过晚，对蛋白霜的稳定性有何影响？（来自经典烹饪科学视频《America's Test Kitchen》系列） O网页链接,7月7日 21:25
41,85,34,236,来大青岛哈啤酒，吃蛤蜊！顺带在“方所书店”和大家见个面！时间地点：明天（周六）下午3:00～5:00，青岛万象城B1。@方所文化 2青岛·方所,7月7日 20:34
42,41,101,558,夏天的味道，海知道。（ins：elsas_wholesomelife）,7月7日 09:03
43,92,336,537,美食动画新番《异世界食堂》｜改编自「犬冢惇平」的同名小说，又称二次元版的《深夜食堂》。背景设定是一家叫做「猫餐厅」的小馆子，每周六休业后，会开启一扇通往异世界的门，各种「妖怪」可以进来用（解）餐（馋）。整体偏治愈向。01集高清放送：O网页链接,7月6日 21:24
0,130,7,75,置顶 一直以来都很少推硬广，处女座还是不太喜欢哇众取宠做买卖，做生意如同做人一样，日久见人心。就如这气血茶，一样用的都是青海的枸杞，广西桂圆，而不会因为价格，把好的原材料替换。店铺对于我的意义，不在于一定能取得多大的成就，只是在平凡的日子里，所有的成就感和充实感，能活得比原来的那个自己 ...展开全文c,2016-8-23 17:18
1,5,转发,5,厉害了我的皓哥。全程…没碰到球，哈哈 L秒拍视频,今天 11:22
2,5,2,26,难得我第一次这么给力的回来就整理好没有拖延。干货满满，值得给我鼓掌吧，哈哈赶紧点赞分享吧…里面有好多技能哦…,今天 10:04
3,4,转发,11,"打球去…会打篮球的男孩子会很帅哦
男孩应该多运动
暑假10天篮球，10天游泳。10天篮球
我看小鲜肉教练…帅
好在你娘是一个灵活的孕妇啊",今天 09:14
4,73,2,11,图1 combi F2 Plus ， 图2 combi康贝 港版美格  还有朋友推荐的RECARO逸莱EasyLife德国的，纠结中。 伞车是比较轻便，但是不可以双向，但是第二有双向而且四轮万向，还有全罩。第三个其实灰色颜值很高，我也喜欢，就是不能平躺，说是6个月之后才能坐，我比较纠结，因为都是我自己一个人带孩子，那前6月 ...展开全文c,今天 00:51
5,77,转发,10,"时间过的好快，一不小心就要倒数3个月了，我刚刚称重105斤，还是没有重多少，B超排畸糖筛经过，继续低血压和贫血。我一直都是什么都吃，不挑食也没有特意吃什么，也没有别人说每天肚子饿，而且平时我也不爱吃零食或者宵夜。就是正常三餐和喝汤。

还有就是，我怎么一点购物欲都没有…
之前怀皓哥都已经 ...展开全文c",7月26日 22:25
6,20,25,46,发布了头条文章：《暑假马来西亚新山乐高游》 °暑假马来西亚新山乐高游,7月26日 19:48
7,11,转发,16,"乐高…小小世界…
拍照一时爽，修图火葬场[撇嘴]",7月26日 16:45
8,11,转发,14,都是因为候机实在太无聊。哈哈哈… 2马来西亚,7月23日 20:22
9,6,4,16,我只想躺一下 2马来西亚,7月23日 17:58
10,24,1,20,再见…马来西亚乐高 2马来西亚·新山,7月23日 16:31
11,10,3,18,"去乐高酒店住的，不可错过海鲜餐，不知道是否乐园里面东西实在太难吃，所以这顿让我们很满足，直接加微信联系，或者电话，有车直接来接，吃完还可以送回酒店，来回车费都可以省下点多一个菜。车还是新的。
华人老板，沟通无障碍，东西很新鲜，特别惊艳好吃说不上，但是在这里几天，这个算性 ...展开全文c",7月22日 22:54
12,9,1,8,先睹为快，记得一定要来最后的第二个彩蛋，精彩无比。 2马来西亚·新山,7月22日 18:19
13,3,1,26,"属于我的自娱自乐…
只带了个定焦镜头出来，好多都没法拍😩 2马来西亚·新山",7月21日 19:06
14,评论,1,4,闪亮的电梯…进去可以开演唱会，哈哈 2马来西亚·新山 L秒拍视频,7月21日 14:04
15,评论,1,4,皓哥的假期 2马来西亚·新山 L秒拍视频,7月21日 14:03
16,2,2,17,乐高水上世界，进去拍个照我就溜了，此地不宜我久留…找个有空调的地方，等他们两父子玩完再来找我，这里暑假人真心不多。虽然乐园不大，规模也不可以和长隆相对比，但是不同的是整个水上乐园都是乐高元素就可以让皓哥疯狂了… 2马来西亚·马来西亚乐高乐园,7月21日 12:02
17,29,转发,31,我想永远活在美图软件里… 2马来西亚·新山,7月20日 20:44
18,23,2,14,"皓哥说这个过山车好弱的样子，一点都不可怕……………

没有多好笑，我就看了10次而已… 2马来西亚·新山 L秒拍视频",7月20日 14:02
19,5,1,11,酒店早餐，东西一般好吃，胜在方便 2马来西亚·新山,7月20日 11:03
20,13,2,38,让皓哥欢喜的乐高酒店，房间内寻宝游戏，找到密码，打开宝箱，获得乐高礼物…无聊的晚上，也变得格外有乐趣 2马来西亚·马来西亚乐高乐园,7月19日 21:16
21,24,2,41,皓哥已经开心到要疯了…说实在不敢相信自己的眼睛，哈哈…乐高迷，老鼠跌进米缸 2马来西亚·马来西亚乐高乐园,7月19日 12:15
22,评论,转发,赞,O网页链接 友情提示 记得拍下收到后，去淘宝晒单 多一个便携榨汁机礼品或者原装的玻璃杯一个,7月18日 14:25
23,6,1,4,夏天天气炎热，干货都是无硫磺熏制过。容易有小虫子惠顾，属于正常。请大家收到都尽量放冰箱保存。后续收到如有问题请旺旺留言。如果有一些看见有小虫子，其实可以太阳底下晾晒后，再放冰箱储存。,7月17日 16:03
24,3,转发,2,发货截止到今天哦…,7月17日 09:41
25,9,转发,14,"不知道他们倆在房间里面发生过什么事，
反正是都睡着了。好萌的两只。
晚安(⺣◡⺣)♡",7月16日 23:47
26,15,转发,37,"家里来了个小萌弟，皓哥把他照顾的出奇的好，感受一下两个儿子的生活…
宇弟和皓哥真的很合拍，大家都是有商量的玩，是因为大家都是处女座懂得对方的强迫症界限吗…哈哈…不过皓哥真的是很有大哥哥的样子，一直很温柔细心，我的暖男(•ૢ⚈͒⌄⚈͒•ૢ)",7月16日 22:08
27,5,2,3,最近我们也是雪梨干水不断…天气实在太热,7月16日 11:45
28,18,转发,4,最近产检自动量血压的机器都要重复量两三次才能成功，因为血压实在太低…每次医生都是说，你不能太劳累，要多休息，你血压实在太低了。女汉子变成容易晕的人设，反而感觉有点怪怪的，哈哈,7月16日 09:23
29,1,转发,3,看着实在赏心悦目…流口水,7月15日 20:43
30,2,1,3,大家定好闹钟啊…好喜欢٩(♡㉨♡ )۶ ,7月14日 22:21
31,8,转发,11,博物馆我们在不同年龄段都去过好多次，貌似上了小学反而没去过，长大了就是很不一样，自己可以看各种文字。也很会照顾我，一直问我累不累，需不需要休息。皓哥最近对恐龙很感兴趣，目的本来是去看恐龙，谁知道却有意外的收获，小时候看的泰坦尼克号，从来没想过它的场景、遗物和碎片能真实的呈现在眼前 ...展开全文c,7月14日 19:22
32,7,转发,19,"陪皓哥看书，看完轮流向对方讲一个故事。

找一些孩子喜欢的，有趣味，他能更加容易感兴趣。这套植物大战僵尸宇宙卷，搞笑又有知识点。皓哥最近很感兴趣，他经常来问我，地球的卫星有多少颗？太阳的八大行星是什么名字？我一脸懵逼，哈哈，然后他再告诉我答案。嗯，我也学到了新知识，觉得很好玩。如果 ...展开全文c",7月12日 22:49
33,35,22,81,"今天读到图片这一段话，说的很好。
    其实婚姻中与其去指责对方无所作为，倒不如自己成为一个强大的人。一个人的生命，终究是为了活出自己。
    爱情其实不是依附，是各自坚强独立，再努力再一起。最近亦舒我的前半生，女主人设被吐槽，全职太太，对她来讲，婚姻就是天，老公就是地，天不能塌地不能 ...展开全文c",7月12日 14:05
34,43,转发,33,"皓哥暑假学校布置的作业，不是一般的多，隔壁班，木有作业。一对比，我们丧心病狂的老师啊…
和皓哥一起制定时间表，让他自己安排好时间，每天写一些，还有玩的时间。之前有同学暑假都是不做作业的，孩子有情绪，父母就说那别做了，反正老师不会检查。我并不觉得这个是宠爱孩子，反而让孩子没有 ...展开全文c",7月12日 10:33
35,8,转发,20,"嗯，励志做一个会煲汤的里面最会教小孩的…
哈哈哈…
老公说不然会煲汤的里面会最会拍照的也行

嗯，是的，做人就应该不要脸一些才能多些突破自己。",7月11日 11:59
36,20,转发,71,老公说因为梦见这样的场景，所以把它P图了出来…哈哈,7月11日 10:57
37,18,转发,16,"西门子是知道我做蛋糕很嫌弃它吗？
最近突然脾气变好了…",7月10日 17:13
38,7,1,14,"实力演绎见牙唔见眼…
假期必定行程…半年一次检查牙齿。没有蛀牙，医生赞皓哥，继续保持。

不要觉得乳牙就算有问题也不用处理，说掉了会换，但是如果乳牙蛀牙，严重有可能会影响牙根，那长出来的恒牙也有可能发育不良成为畸形的牙齿，或者乳牙过早的缺失，影响咀嚼，这样的话就会有可能只咀嚼另外一 ...展开全文c",7月10日 12:42
39,136,转发,106,"希望别掉粉…原谅我卖个萌
孕5月，22周，体重103…还有腰的孕妇
所以我妈每次看我都说，是儿子，还是儿子
最近开始翻滚猛烈踢我，比皓哥那会还带劲…
女儿梦估计只能在梦里了…哈哈",7月9日 15:34
40,10,2,18,"萝卜牛尾汤，洋葱肥牛粉丝，青瓜
孕期多吃牛肉，所以今天都是牛",7月8日 20:43
41,33,转发,16,"皓哥日常…乐高才是真正的礼物。
今天偶遇一可爱的肉肉小朋友
皓哥说小朋友太可爱了，
妈妈，你让bb快点出来吧。",7月8日 16:01
42,4,转发,7,乐高海陆空车 L秒拍视频,7月7日 17:54
43,17,转发,32,"#皓哥早餐#  
吃年纪有点大的青蛙
菠菜味哒",7月7日 09:12
0,31,137,24,置顶 【粉丝福利104期】7月28日晚上10点，通过@微博抽奖平台  在转发+关注本微博的粉丝中抽取1位送出@日日煮DayDayCook 提供的杯盘套餐1份,7月24日 21:39
1,4,11,29,#不可辜负的美食#【南瓜豆浆】一直喜欢豆浆，变着花样喝，南瓜、红薯、银耳、芝麻、红枣…轮流喝哺乳期妈妈尤其可以多喝豆浆哦，怕胀气的朋友可以试试这个做法都说早起床的人更瘦，是不是更有做早餐的动力啦具体做法：°有份量的阳光早餐：枣泥磅蛋糕&南瓜豆浆 @鲜城 #Nicole小食堂##祈和营养课堂#,今天 11:47
2,12,2,28,听说早起床的人更瘦，你还敢赖床么哈哈，赶紧起来吃早餐咯#Nicole小食堂#,今天 09:25
3,2,34,51,天气热一定要记得多喝水，而且要喝健康水！听说一杯奶茶=4杯咖啡，挺吓人，为了自身安危，还是自制饮料靠谱 两款适合夏季的花茶奉上，一天八杯水补起来吧 °专为夏天设计的两款养颜花茶,7月26日 22:27
4,12,88,98,#不可辜负的美食# 【枣泥磅蛋糕】今年怎么了，五大省会城市同现40℃高温，幸好我没去西安还是躲在家里安逸，做了枣泥，烤了枣泥磅蛋糕，吹着空调来顿下午茶，惬意得不得了哇附赠枣泥做法，简单，健康！具体做法：°有份量的阳光早餐：枣泥磅蛋糕&南瓜豆浆 @鲜城 #Nicole小食堂#,7月26日 14:33
5,9,2,24,#最美小镇# 听说长江的水都烧开了，这天气热得太反常了前几天带小伙子去的万绿湖倒是不错的避暑地，距离广州很近，第一次去，被惊艳到了，湖水太绿太美！乘船观光可以尝尝现取湖水，很清甜，原来这里还是农夫山泉的水源之一，不愧是大自然的搬运工哇#Nicole看世界# LNicole的生活书的秒拍视频,7月26日 13:32
6,3,17,6,这里有杯盘套餐送，不要错过啦//@Nicole的生活书:【粉丝福利104期】7月28日晚上10点，通过@微博抽奖平台  在转发+关注本微博的粉丝中抽取1位送出@日日煮DayDayCook 提供的杯盘套餐1份,7月26日 10:36
7,3,3,10,发表了博文《有份量的阳光早餐：枣泥磅蛋糕&南瓜豆浆》一日之计在于晨，所以早餐往往被视为最重要的一餐，哪怕再忙碌，都不应该忽略早餐，不仅不能忽略，还要比任何一餐都用心对待。一份搭配合理的早餐，不仅会为我°有份量的阳光早餐：枣泥磅蛋糕&南瓜豆浆 ¡查看图片,7月26日 09:15
8,17,1,31,晚餐晚餐，从小挚爱的豆角，看着那么普通却那么好吃加了旭耕的有机小南瓜，满足啊满足#Nicole小食堂#,7月25日 21:20
9,31,4,39,西安昨5人热晕1人死亡…我的天，似乎每天西安都因为热而上热搜隐隐为正在西安出差的某同学担心啊吃个西瓜冰淇淋压压惊吧，做法简单，透心凉！#Nicole小食堂#,7月25日 17:13
10,7,19,42,#不可辜负的美食#【肉酿红秋葵】菜中有肉，肉借菜香，口感层次相当丰富。很喜欢口感特别的秋葵，酿上肉馅更加咸鲜可口中餐厅中多是爆炒煎炸的传统做法，殊不知炒菜一小时等于吸半包烟，还是蒸的健康，不见油烟更营养具体做法：°你吃过酿秋葵吗？肉酿红秋葵 @鲜城 #Nicole小食堂##伊莱特家味道#,7月25日 14:27
11,5,4,26,每次翻看@食帖 的书，都觉得是一种享受，从图片到排版，都那么美好第18本书《#真的，烤箱什么都能做# 》到手，从小食到大餐，看这一本就够啦,7月25日 11:19
12,评论,2,6,发表了博文《你吃过酿秋葵吗？肉酿红秋葵》接触到酿这个做法是我来到南方之后，第一次吃客家酿豆腐就爱上了，菜中有肉，肉借菜香，口感层次相当丰富。可以用来酿的食材很多，传统客家做法有酿三宝，大多使用豆腐、苦°你吃过酿秋葵吗？肉酿红秋葵 ¡查看图片,7月25日 09:24
13,14,4,32,三生三世情缘，十里桃花惊艳，戏中美丽的世外桃源令人向往，轻灵粉嫩的“桃花妆”更将这股仙气带出戏外，三世情缘难得，但精致桃花妆却可以轻松拥有电影《三生三世》首映在即，快用法国娇兰的产品，定制你的专属桃花妆吧！先用帝皇蜂姿黄金复原蜜打底+金钻修颜粉饼打造无瑕桃花肌，搭配幻彩流星 ...展开全文c,7月24日 17:30
14,7,转发,23,静妈家的肉丸子太好吃了！加了点萝卜丝煮个汤，午餐顿时丰富起来#Nicole小食堂#,7月24日 16:13
15,50,232,67,#理想生活季#【百香果夹心饼干】这天气真是哪哪都热，无论中餐厅还是西餐厅，都不及躲在自家小餐厅，一边做美食，一边享受清凉百香果夹心的饼干，清爽度立刻提升，好吃不腻，适合夏天，下午茶走起来@鲜城 #Nicole小食堂##就是吃不胖# @日日煮DayDayCook @酷壳儿频道 LNicole的生活书的秒拍视频,7月24日 11:51
16,3,4,31,虽然最近天气炎热，但一晚连吃54根棒冰的做法还是太吓人推荐几家可以吃冰品或冷饮的店，值得坐下来，慢慢品味，慢慢驱散暑气#Nicole探食记# °那些可以让我们忘掉炎热的小店,7月23日 22:13
17,13,3,19,昨晚这篇文章引来好多妈妈私信，讲自己的经历，也有不少妈妈求助…其实别人再多关心都不及自我调节，有时候我们不需要那么“懂事”，需要一点“自私”，要知道，春风十里不如你，你才是最重要的，你好，宝宝才好，大家才好愿每一位妈妈都可以拥有阳光#nicole养娃碎碎念#  ...展开全文c,7月23日 14:34
18,33,11,52,我觉得产后抑郁就像吸毒一样，你没经历过，永远不会明白有多可怕！每一位新妈妈都不容易，都需要家人和朋友的理解和关爱 #nicole养娃碎碎念# °你或许不会明白，产后抑郁有多可怕,7月22日 21:53
19,13,5,42,2河源·百子围，河源两天住新回龙镇的百子围度假酒店，园子超大，风景超好，更赞的是沿着餐厅可以走去万绿湖，美不胜收最近全国都热，杭州41度，西安连续两天发生2起猝死，可怕！广东也热，来湖边避暑是明智选择#酒店点评##最美小镇##Nicole看世界#,7月22日 18:49
20,32,84,75,#不可辜负的美食# 【榴莲冰淇淋】今天大暑，一年里最热的一天，不吃个冰淇淋怎么对得住自己自制榴莲冰淇淋，加了小半个榴莲，货真价实，每一口都能吃到榴莲果肉！对榴莲控来说，太过瘾了对不对@鲜城 #Nicole小食堂#,7月22日 16:27
21,19,9,57,听说微胖的人好看又长寿，那还犹豫神马，大肉吃起来吧#Nicole小食堂#,7月21日 11:20
22,8,15,37,番茄水分足，维C高，卡路里又低，用来减肥比较合适，一组大小番茄的食谱，送给腿粗的姑娘们，一起美美过夏天#Nicole小食堂#,7月20日 21:30
23,3,5,18,#最美小镇# 台湾很多文艺小镇，跟着兴趣走下去，一个比一个有趣比如非常非常小的猴硐，小到几乎一眼就可以将整个小镇尽收眼底小镇上除了一间矿工博物馆和几间散落的小吃店，其余都是喵各种颜色、各种体型、各种性格的喵，完全不怕人，握小爪都可以#Nicole看世界#,7月19日 20:13
24,16,44,55,#不可辜负的美食#【鲜味黄瓜】自从有了小伙子，特别喜欢吃小虾米、小虾皮，几乎是我家常备的食材，因为钙质丰富搭配黄瓜时想到了小虾米，尝试着炒在一起，很惹味，更清鲜2017年第200天，依然用吃来刷刷存在感吧具体做法：°不能再简单的惹味小炒：鲜味黄瓜 @鲜城 #Nicole小食堂##伊莱特家味道#,7月19日 11:04
25,13,转发,19,带娃出门，森森感到没有母婴室的公共场所真心不够人性化啊#nicole养娃碎碎念#,7月19日 09:33
26,4,4,11,发表了博文《不能再简单的惹味小炒：鲜味黄瓜》黄瓜是我从小就非常喜欢的蔬菜，特别是每到夏天，餐桌上几乎顿顿都有黄瓜，我妈最会挑黄瓜，一定要顶花带刺的。说起吃法，我们北方人比较粗犷，大多都直接吃或者蘸酱吃°不能再简单的惹味小炒：鲜味黄瓜 ¡查看图片,7月19日 07:02
27,3,转发,25,中午吃太好，晚上吃草旭耕农场的小番茄，又双叒叕开会了#Nicole小食堂##深夜食堂2#,7月18日 21:40
28,8,1,20,#理想生活季# 捞起三文鱼，动感小炳胜都说脸大的人更成功，你还在坐以待毙么，还不抓紧吃起来@鲜城 #Nicole探食记# LNicole的生活书的秒拍视频,7月18日 20:17
29,22,13,65,#探城记# 天环广场的小炳胜今天开业，出品一如既往的稳定，不枉我喜欢了这么多年土窑鸡、捞起三文鱼、汤和包…都非常值得一试不是最近流行好好珍惜你的单身女闺蜜嘛，那就趁鲜带她来吃大餐吧，有情调有品格的环境，适合坐下来慢慢吃，慢慢聊@鲜城 #Nicole探食记##广州身边事#,7月18日 16:59
30,112,58,516,#最美小镇# 是谁说地球将不适宜人类生存，看看位于无锡的拈花小镇，美好宛若仙境#Nicole看世界#,7月17日 16:26
31,10,27,43,#不可辜负的美食#【玉米酱豆角】已经忘了20年前没空调的夏天是怎么过的，却依然记得那时的味道，比如老妈最拿手的酱焖系列，好吃又下饭昨晚拿着一大捧新鲜白芸豆不知怎么吃更好，突然看到黄豆酱，于是酱焖，找回童年味道具体做法：°不用动脑的超简单下饭菜：玉米酱豆角 @鲜城 #Nicole小食堂##伊莱特家味道#,7月17日 14:04
32,评论,转发,7,恭喜@0静心 等3名用户获得【祈和打蛋器】。微博官方唯一抽奖工具@微博抽奖平台 对本次抽奖进行监督，结果公正有效。公证链接：O微博抽奖平台,7月17日 13:07
33,2,2,13,发表了博文《不用动脑的超简单下饭菜：玉米酱豆角》但凡用酱焖做法烹制的菜，都让我想起大东北的淳朴，不管是不是正宗，这超接地气的吃法，总让人觉得非常过瘾。于是拿到一大捧新鲜白芸豆不知怎么吃的时候，我老妈第°不用动脑的超简单下饭菜：玉米酱豆角 ¡查看图片,7月17日 10:10
34,6,3,43,是谁说别娶爱吃的姑娘当老婆，哈哈哈，爱吃有什么不好，天天只想着怎么吃，哪有功夫吵架周末煲个汤，花胶响螺炖排骨，搭配好的汤包，免得动脑，方便#Nicole小食堂##伊莱特家味道#,7月16日 20:26
35,11,10,61,#最美小镇# 说到小镇，自然会想起曾去过的青城山，这么热的天，论睡觉姿势正确的重要性，最好在山中留宿一晚，既可以避暑，也方便第二天爬山朋友推荐的小馆很美味，伤心凉粉、蒜苗炒腊肉、天鹅菜…菜量都挺大，味道也不错饭后在夜色中的小镇漫步，安静柔美，岁月静好#Nicole看世界#,7月16日 09:50
36,616,2105,49,#安慕希美食学院#的上海首Show简直堪称完美！充满希腊风情的体验区、异国大厨的精彩料理技艺、还有多款可口诱人的安慕希×BON CAKE联手打造的高品质美食，怪不得开业第一天开业就火的要命 7月13日-16日正大广场，上海的吃货们有福啦 L安慕希希腊酸奶的秒拍视频,7月15日 22:50
37,9,4,26,mini冬瓜炖排骨，春风十里不如你旭耕的有机小冬瓜忒可爱，很嫩很易熟，炖个排骨吃吃问：为啥排骨剁那么碎…答：你去问卖肉的小哥啊#Nicole小食堂#,7月15日 20:39
38,9,4,8,直播同款小粉打蛋器，还有没有想要的//@Nicole的生活书:【粉丝福利103期】暑期来临，一起来为孩子做几款健康零食吧，昨晚没有看到直播的小伙伴，可以看回放啦关注@KPS祈和 转发此微博并@ 2位好友，即有机会获得直播中同款祈和小粉打蛋器，名额3个，转起来吧,7月15日 14:47
39,13,2,19,有了小伙子之后，经常会被问到：做了妈妈有什么不一样？嗯，于是这篇采访我仔细梳理了一下，终于把想说的都说了,7月15日 10:44
40,17,1,70,人真的越看越好看，特别是自己的儿子，哈哈哈蛇口希尔顿南海翼的一次轻度假，虽然小伙子现在很小，在旅行中能够参与的项目也很少，但麻麻还是愿意为你记录每个瞬间，为你留下成长的回忆#nicole养娃碎碎念##酒店点评# LNicole的生活书的秒拍视频,7月14日 22:33
41,17,5,38,这大热天，唯有沙拉是真爱番茄荟萃，重点是颜色缤纷，看着心情都嗨起来夏日炎炎，大家一起轻食起来，做个最理想身材美人#Nicole小食堂#,7月14日 12:51
42,24,转发,23,猫拧早餐的mini米汉堡和红薯豆浆，一大早就阳光明媚，热啊想知道西安到底有多热，好想去逛吃逛吃啊#Nicole小食堂#,7月14日 09:29
43,125,59,241,新手妈妈绝对是一个成长的过程，几乎每天都有新问题需要面对，无论有钱人和穷人家的父母，总希望可以给宝宝最合适的爱很感谢我的小伙子，总是那么体谅妈妈，你的笑脸可以化解妈妈的一切烦恼#nicole养娃碎碎念# LNicole的生活书的秒拍视频,7月13日 20:58
0,728,18,319,收作业，大家只要跟着堂妈学做过的都可以发到留言里来，堂妈批作业啦！,今天 11:18
1,47,62,266,推荐菜谱【堂妈教你做卤鸭翅】下厨房评分8.7，361人做过 O网页链接 （想看更多？下载下厨房 App: S下厨房 ）,今天 10:48
2,167,138,571,夏天卤一锅，有肉有菜有豆腐，香香辣辣的促进食欲，适合当个下酒菜。做法也相对简单，你们还等什么？Go！Go！Go！赶紧买齐食材，做给家人吃吧？记得定时去看看锅子，中小火焖炖别糊了哦！,今天 09:55
3,299,1424,1300,"堂妈“卤一锅”
材料：鸡爪子、五花肉、藕片、豆腐干
调料：生抽、老抽、蚝油、料酒、食盐、冰糖、鸡精适量
香料：八角、花椒、香叶、草果、甘草、桂皮、干辣椒
做法：
1.鸡爪洗干净，剪去指甲。五花肉切成大块，鸡爪和五花肉一起放入开水中焯水几分钟除血水和杂质，然后捞起过温水冲洗，控干。豆腐干 ...展开全文c",今天 09:42
4,166,17,641,"“其实赞美别人是很容易的，谁都希望得到别人的赞赏，对于那些打着提意见的幌子对别人生活指手画脚的人，真的应该好好反思。己所不欲，勿施于人千年古训，往往别人厌恶的也正是你自己所反感的。”
堂妈发这段话是因为今天发生了件事情，和朋友之间的交流中得到的一些感悟，也算是自省吧！有些网友就把 ...展开全文c",今天 00:59
5,280,85,1169,这道小菜是姥姥传给妈妈，妈妈又传给我，方法很简单，口感很清爽。每次酱油汁只能用一次，不能往里续加食材，至于腌制的时间和亚硝酸盐的说法，我表示很无奈。这种小菜需要的食盐和炒菜差不多，大部分靠酱油调味，如果真的等待十几天再吃，由于用盐量很少，会略微有点酸。所以每次都少做一些，放到冰箱 ...展开全文c,7月26日 23:03
6,325,12,1112,大头值病房夜班，堂妈走路给他送的牛肉饺子，算是运动啦！打卡时间到！,7月26日 20:42
7,415,77,1735,牛肉芹菜水饺，芹菜是自家种的，牛肉里掺的五花肉，可香了！,7月26日 20:38
8,384,1607,1593,"堂妈腌制黄瓜小咸菜
材料：黄瓜，姜芽，青辣椒，酱油，花椒，白酒，大蒜，蒜苔，食用油，绵白糖、食盐
做法：
1、黄瓜洗净切开去瓤，改刀成小条，（要是能买到黄瓜仔最好），黄瓜条和姜仔撒点盐拌匀腌制三小时，倒去汁备用。
2、炒锅里三汤匙油，油温下花椒粒煸香，然后倒入酱油450克，再加入适量食盐 ...展开全文c",7月26日 16:56
9,282,8,809,堂妈洗手的空，小堂给了弟弟一根地瓜，结果就成这样了……,7月26日 13:14
10,200,13,831,凉拌豆腐皮、拌石花菜凉粉、蒜拌鸡蛋、蒸芹菜叶、干煸土豆片、绿豆汤，蒸地瓜玉米。,7月26日 12:51
11,199,354,711,"大头哥的海米炒生菜
材料：生菜、海米、葱花、味极鲜、食盐、白糖
做法：
1.生菜洗净切成大段，控水备用。海米提前用冷水浸泡十分钟捞出控水。准备一些葱花。
2.锅里加食用油，放入海米，慢炸直至出香味，海米变的紧致，但不能炸糊哦。
3.这时加入葱花爆锅，开始调味，加入适量食盐和味极鲜，重点来了 ...展开全文c",7月26日 10:23
12,650,6,909,水印打成这样，菜跟坐牢了一样，毫无美感，这跟挖心一般的痛，辛辛苦苦拍出来的图片为了提防小人，堂妈真的需要做出这种牺牲吗 ？盗图者可耻可恨，违者必追！,7月25日 22:12
13,322,6,424,"减肥进入平台期，半两也不掉了，不过这样也好，减的太快容易造成皮肤松弛，做完运动洗澡后，用瘦身精华做皮肤按摩。大家来打卡，今晚你们做了哪些运动啊？
还有，几个菜谱今晚编辑明天发～～～～",7月25日 21:22
14,311,69,1648,忘了发今晚的晚餐了，辣辣的油泼面，过瘾！,7月25日 20:59
15,639,107,1718,堂妈招牌卤锅，鸡爪、豆腐、藕片和五花肉，香香辣辣的太下饭了，欧耶！,7月25日 19:21
16,285,88,851,天热容易出汗也没太有食欲，堂妈腌制了一坛爽口黄瓜辣椒咸菜佐粥！,7月25日 18:56
17,197,23,1185,堂妈种的无公害沙瓤西红柿，摘下来用水一冲，切片撒点白糖。俩孩子在沙发上排排坐，眼巴巴的瞅着我手里的盘子，像两只嗷嗷待哺的小燕。一整盘西红柿俩娃很快就吃光了，堂妈心里美的很，作为父母，最爱看的就是孩子吃饭，对吧？,7月25日 18:29
18,487,6,1382,"今天注射室里没有漂亮小姐姐，猪小正就不在乎形象了，打完针还委屈的一直哭，回家路上不时望望胳膊注射的地方憋嘴抽泣，情绪很是低落。巧的是还碰到了堂妈的粉丝，也是给宝宝来打疫苗的。
小堂和猪小正注射国家计划免疫内的疫苗，没有额外增加自费的项目。",7月25日 11:13
19,268,50,1110,用了两个半小时编辑了肉夹馍和凉皮的菜谱，你们不做怎么对得起我啊！,7月25日 01:09
20,279,5,708,"跳绳1200个，呼啦圈15分钟,平躺骑自行车15分钟，任务完成，大家也来打卡！",7月24日 21:22
21,135,11,542,一场大雨的洗刷，空气中的燥热与沉闷渐渐褪去。耳畔传来悠扬的旋律，心情也随之舒缓一些。,7月24日 16:49
22,1146,681,4587,打了水印都没用，厚着脸皮脸皮给你抹掉，说成自己的。难道真的逼得堂妈打满屏的水印吗？！这真的太痛苦了！,7月24日 16:04
23,284,151,1221,堂妈探店云霄路100号王记骨头馆，装修之后第一次来。久违的大棒骨，啃啊啃～～～^_^，真香！这家菜馆真的是性价比超高的，推荐给大家。,7月24日 15:46
24,578,29,742,盗图者可耻！,7月24日 09:54
25,380,5,653,"今天真累坏了，晚餐一口也不想吃了，也真的没力气蹦跶了，一会还要振作起来给猪小正洗澡，收拾家。
讲个笑话给你们听啊，朋友送了堂妈一瓶法国护肤品，某宝刷了一下显示是瓶精华，就抹脸上了。几天后觉得不太对，凉丝丝的略微有点刺激，让大头帮我查了查，结果它原来是一瓶————瘦臀精华！
好了好了 ...展开全文c",7月23日 21:07
26,162,13,677,"八点半回到家，因为满青岛市转悠着给朋友送海蜇里子和王哥庄大馒头，炒完菜已经快九点了，成夜宵了。
海蜇里子，还记得堂妈用它做过有奖竞猜，当时新浪微博和下厨房各有一人猜中，堂妈邮寄了青岛特产。这东西很少见，知道它名字的更是少之又少，当时有人猜出来我真的觉得太神了。
海蜇里子什么味道呢？ ...展开全文c",7月23日 20:44
27,242,321,913,"热心的天津粉丝给堂妈发来的消息，分享希望给更多来青岛的游客一些提醒和建议。堂妈也总结了几条：
第一 也是最重要的一点，不要吃路边摊和大排档，要选择知名的酒店或者餐馆就餐，饭菜质量有保障，明码标价，不坑不宰。
第二 很多的出租车司机介绍游客就餐或者去景点都有提成，当然，饭馆的质量参差不 ...展开全文c",7月23日 19:05
28,866,332,4818,每次路过王哥庄都要买一后备箱铁锅柴火大馒头，分给亲朋好友，真的是很香啊！,7月23日 18:04
29,131,13,725,朋友在崂山景区里的茶园，今天堂妈看到了另一种生活，离开城市里的喧嚣，感受这份宁静和安逸。,7月23日 17:04
30,92,2,638,还孩子于大自然……,7月23日 16:15
31,162,17,849,面朝大海背靠崂山，种茶种菜养狗养羊，想爬山就爬山，想下海就下海，朋友这过的是神仙日子啊！堂妈这草算是种下了，关键是不好拔啊！,7月23日 16:00
32,270,44,1187,中午来崂山朋友家吃的海蜇宴，白菜炖海蜇里子、葱烧海蜇边、韭菜鸡蛋炒海蜇脑子、南瓜炒海蜇爪子，新奇吧？铁锅炖杂鱼和凉拌海参好好吃哦，回家堂妈要试做一下！,7月23日 15:38
33,334,38,1749,"三年前种下的几根禾苗，如今已长成满缸的风景。每天满心期待的看着小花包慢慢的长大，等待它长成一个亭亭玉立的少女，日日相看而不厌，时时刻刻总不同。
养荷,也许就是对生命最完整的解读。从不与百花争奇斗艳，只是默默无闻地站着，任凭风吹雨打、狂风暴雨、却从不向命运低头。人也应该这样活着，正直 ...展开全文c",7月23日 10:45
34,709,122,4331,人近不惑，只愿铅华洗净于尘世中，绽放如莲。众乐亦己乐，如此，泰安而善好，不有多求。,7月22日 22:45
35,369,4,599,"家里有点事窜了一整天，今天实在蹦跶不动了，歇一天。一会还要给猪小正洗澡和洗衣服打扫卫生，也算是变相运动了。
有人说堂妈就是个全职太太，你们太抬举我了，我就是个全职妈妈，兼司机、厨师、保姆、保洁和保镖。
你们赶紧打卡，瘦了穿什么都好看，大头哥陪堂妈今天买了件露肩装，可好看了！美的不要 ...展开全文c",7月22日 21:24
36,326,11,1091,大头哥下厨做的芫荽皮皮虾和金牌炒生菜，真的是非常好吃，大家的晚餐吃的什么啊？,7月22日 20:15
37,347,17,706,减肥期间当手机墙纸吧，这样就更有动力了。跳绳完毕，大家排队打卡！,7月21日 21:06
38,279,871,1023,银耳桃胶红枣羹，很简单啊！桃胶用清水浸泡24个小时，期间换两次水，泡发好的桃胶去除杂质。银耳泡发一个小时，洗净去蒂，撕成小朵。锅子里加水，放入桃胶、银耳、冰糖，小火炖煮半个小时，加入洗净的红枣子，再小火炖半个小时即可。凉透了就特别黏稠，砂锅炖的最棒！,7月21日 20:46
39,201,44,576,桃胶银耳红枣羹，堂妈的最爱，冬天吃热的，夏天吃凉的，吃到嘴巴里甜甜糯糯，口感一级棒！,7月21日 20:04
40,164,1031,1023,"堂妈教你做美味的虾仁炒面
材料：大虾、韭菜、豆芽、葱花、味极鲜、蚝油、老抽、食盐、白糖
做法：
1.食用油加葱段慢炸出葱油，凉透备用。
2.面条要选择碱水面条，粗细全凭自己喜欢。面条煮到七成熟后沥水捞出，用扇子扇凉，加入葱油，拌匀。面条千万不要过凉水，堂妈试过，口感不算好。
3.大虾洗净控 ...展开全文c",7月21日 19:47
41,128,746,1007,"蛤蜊豆腐冬瓜汤
材料：蛤蜊、豆腐、冬瓜
做法：
1.蛤蜊放入碗中加一些清水，加入半勺食用油和半勺食盐，让蛤蜊吐出沙子和污渍，吐好沙的蛤蜊洗净控水。
2.豆腐切丁，锅里烧一些开水，加入豆腐略煮，去除豆腥气。锅里加入清水放入蛤蜊，煮开口后捞出，汤别倒掉哦！
3.蛤蜊汤里加冬瓜煮到半透明，加入豆 ...展开全文c",7月21日 19:36
42,83,37,540,虾仁炒面和蛤蜊豆腐冬瓜汤，虾仁炒面不是一般的好吃，是灰常好吃哦！,7月21日 19:29
43,151,389,678,"凉糕
材料：凉糕粉、清水、红糖、蜂蜜
1.先将125克凉糕粉放入碗中，用250克温水调成浆糊状，将其放置30分钟待用。
2.在锅内加入1125克起清水烧开，舀出一半的滚水，兑入静置好的凉糕糊中搅匀，再把糊倒入锅中不停的顺时针搅拌大约6--7分钟至凉糕粉熟为止。
3.分装在器皿中放入冰箱冷藏，冷却后就成型了 ...展开全文c",7月21日 19:23
0,736,1838,1135,#Tinrry下午茶# 大家一直心心念念的可爱造型戚风蛋糕教学发布啦！赶紧戳右边链接→O网页链接 而且现在有限时折扣哦~现在转发此微博并关注我，还有10个免费上课名额抽取哦~这次我会教大家不依靠奶油塑型，也能让戚风蛋糕变得更加生动有趣~并且教大家如何打出稳定的蛋白霜、如何避免蛋糕烘烤上 ...展开全文c,7月24日 19:45
1,296,70,570,#Tinrry下午茶# 戚风蛋糕应该是所有烘焙入门的童鞋最开始做的一款蛋糕~戚风普遍造型比较单一，所以我尝试做一些不同造型的可爱戚风，要保证面糊不混色，烘烤时蛋糕不烤上色是个不小的难题，经过了不下上百次的测试， 终于做出了满意的造型戚风蛋糕啦~大家想学吗？@鲜城 #不可辜负的美食# ...展开全文c,7月21日 18:20
2,40,82,401,为了让儿子能吃到更健康的食物，她从艺术家变身为彩色意粉狂人，原来爱能让创意更无限~,7月17日 12:38
3,160,300,702,#Tinrry下午茶# 终于可以发布啦！这期的视频是做杏仁小蛋糕~无论味道和口感，都非常像我小时候吃过的那种5毛钱一个的小蛋糕~但我在蛋糕里面加入了杏仁粉，原料和制作方法也有所不同，所以更好吃啦！想跟我一样找回儿时的那个味道就一起来做吧！LTinrry甜悦的秒拍视频 @鲜城 #不可辜负的美食#,7月14日 16:59
4,53,6,268,#Tinrry下午茶#下期视频里一些看着很舒爽的小细节~看起来动作一直没做完~逼死强迫症~哈哈,7月11日 19:59
5,89,8,218,#Tinrry下午茶# 测试月饼已经做了几百个了~正常回油都要2-3天的时间，根本吃不完～天气最近又下雨潮湿容易变质～好在我有回油神器真空密封盒~月饼常温裸露在空气中～大概就是保质一星期左右，放入这个神器里，戴手套操心注意卫生，常温储存一个月是没有问题哒~,7月10日 21:12
6,33,46,286,平常妹子们为了衣服的穿搭都费尽了心思，但法国一位甜点主厨Tal Spiege两年来坚持在巴黎寻找美美的甜点，并为它们找出搭配的鞋子，然后拍照PO到自己的ins上~最近又更新了不少美图~我在想，他家的鞋柜到底有多少双鞋子呢？,7月10日 13:05
7,335,18,194,没想到小助手背着我发的鬼畜视频，大家竟然觉得很有意思~那我就在评论里猜中下一期做的是什么的人里选一名盆友，送出tescoma的黄金方形烤盘一个噢！正式视频还没发布前，大家继续努力猜一猜啊~ ¡查看图片,7月8日 19:32
8,280,44,387,#Tinrry下午茶# 大家晚上好！今天背着Tinrry小姐姐发一条正儿八经的视频预告！前方高能预警~在吃饭的、喝水的盆友们可以停一停了！大家阔以猜猜下期我们做的是什么？ L秒拍视频,7月7日 18:55
9,48,62,276,那些外国网友的烘焙“车祸现场”，惨不忍睹，让人忍俊不禁啊～但话说谁的烘焙之路上没碰上过失败呀～现实和理想间的差距就是在一次次的失败中汲取经验，慢慢缩小距离～烘焙路上，我们一起继续努力呀！,7月7日 12:47
10,61,74,317,#Tinrry下午茶# 这阵子研究如何才能腌制出带沙流油的咸鸭蛋~去年就试过了几种方法，有点不稳定～所以再研究一下～小视频里演示的是干腌法～搞不好今年的中秋月饼就要靠这颗咸蛋取胜了！其实呢，我的梦想就是能做一枚安静的“闲”鸭蛋，可以闲的要命，富的流油~还有谁这样想？ L秒拍视频,7月6日 19:17
11,127,264,753,"一个居住在加拿大的博主，喜欢制作动物造型的马卡龙，每一款都特别Q～而且除了正面造型外，连背面都会把小动物的尾巴做出来呢～萌萌哒～看着就想戳一戳呢！
ins:mellyeatsworld",7月6日 13:16
12,268,6,198,#Tinrry下午茶# 最近做戚风的时候经常出现凹底的情况，有可能是因为更换了新的模具，导致受热不均～也有可能最近工作室最近同时开着好几台烤箱工作，电压不稳导致～因为换了好几台烤箱测试，也换了工作室其他小伙伴来做，还是有同样状况呢～大家最近有做戚风吗？有没有出现像我一样的问题呢？,7月5日 19:07
13,33,48,262,"尝一口夏日冰淇淋
让树荫散发薄荷的清新
欣赏蓝天白云的风景~
ins:kevinandamanda",7月5日 12:31
14,85,24,275,#Tinrry下午茶# 几天的大雨过后～终于迎来了天晴～自调超适合夏天喝的清爽夏日蜜桃momo茶，还在测试阶段哦～大家想不想学呀？ L秒拍视频,7月4日 19:09
15,103,35,342,#Tinrry下午茶# 蛋挞的灵魂在于挞水，要做出好吃的蛋挞就要从测挞水开始啦～看得出有两种不同的挞水吗？不要care我用的是速冻葡挞皮，因为我烤好后，也只是吃中间的布丁层而已～,7月3日 19:24
16,31,65,151,要做出好吃的芒果糯米饭，原材料是很重要的哦～我用的是金象牌的糯米和kara佳乐椰浆。金像算是老品牌了，不知道马爸爸家为啥买不到，大家可以试试去本地的超市看看,7月2日 12:33
17,92,293,578,各位仙女们，周末愉快呀~最近在INS上看到一款蛋糕的装饰，觉得很棒~据说是爆红INS的绝美“油画笔触”蛋糕，分享给大家，做法并不难，多了一些创意就会变得不一样~大家也可以尝试做一做哦！欢迎大家在评论晒图给我哟~ ins:Kalabasa,7月1日 21:00
18,68,146,299,#Tinrry下午茶# 关于夏天你最喜欢吃哪种水果这个问题，芒果一定能排进大家心目中最喜爱的水果前十吧？今天教大家做的这款甜点，就是泰式芒果糯米饭啦！香甜的芒果与浸饱椰浆的糯米饭，任这三种口味巧妙的融合在了一起，芒果控们，赶紧周末做起来。 @鲜城  #不可辜负的美食# L秒拍视频,6月30日 19:59
19,251,20,317,#Tinrry下午茶# 跟工作室小伙伴们一起尝了尝市面上比较火的几种口味的港式蛋挞，今天翻出了各种形状的模具，打算试试看咯！大家喜欢吃葡式蛋挞还是港式蛋挞呀？,6月29日 18:41
20,45,8,250,自调夏日西柚momo茶，喝完幸福感爆棚～猜猜都用了什么水果调配的？再来一片糖渍柠檬片～很满足呐～感觉我也可以在阳光下来一段freestyle了～,6月28日 18:59
21,114,9,434,很快就会跟大家见面的泰式芒果糯米饭，大家期待吗？,6月27日 18:53
22,163,5,390,结束了好长时间的阴雨绵绵，今天天气超好~月饼继续测测测~咳嗽还没完全好，中药真难喝，还死贵死贵的，一边喝一边审片子，要快点好起来才行～再咳下去就撑不住了！咳到胸口疼，肚子疼，腰疼的～,6月26日 19:01
23,213,4,218,高烧四天终于不再烧～然后就是后遗症咳嗽咳死～前几天吃白粥所有一切都是没有味道的～～唯一有味道的就是橘子柠檬水酸酸的了～每天带着这个柠檬杯医院工作室跑来跑去～求止咳良药～感恩～笔芯,6月24日 20:11
24,31,36,175,#Tinrry下午茶# 《变形金刚翻糖饼干》教程来啦！看似复杂，但只要跟着我的步骤操作，加上一点耐心，你也可以做出酷炫的霸天虎和擎天柱噢！ 我要准备去电影院啦，有没有想跟我偶遇的盆友呢？@鲜城 #变形金刚5# #不可辜负的美食#,6月23日 12:49
25,39,16,192,#变形金刚5# 今晚零点，变形出发！工作室的小伙伴们都是变形金刚的铁粉，所以在大家的强烈要求下，做了一个擎天柱和一个霸天虎的翻糖饼干，你喜欢博派还是狂派？我们明天打算带着它们看电影去啦！ 有没有人想知道变形金刚怎么做出来的？@鲜城  #不可辜负的美食# L秒拍视频,6月22日 19:08
26,143,231,493,#Tinrry下午茶# 跟炎炎夏日最搭的《椰子冻》来啦！我这次用的是寒天粉来制作，跟用吉利丁粉制作的口感也是不一样的，并且无需放入冰箱即可室温凝固哦！简单又快手，大家可以试试哦！ @鲜城  #不可辜负的美食# L秒拍视频,6月17日 14:31
27,88,7,273,一个做吃的公司，就是从上班吃到下班，无时无刻都在工作 L秒拍视频,6月15日 16:40
28,30,29,81,恭喜@杨书凝_MJJ 等15名用户获得【Tinrry凤梨酥】。微博官方唯一抽奖工具@微博抽奖平台 对本次抽奖进行监督，结果公正有效。公证链接：O微博抽奖平台,6月12日 22:44
29,267,333,292,#Tinrry下午茶# 这次做《凤梨酥》啦！传统的凤梨酥里面是含有冬瓜蓉的，我这次做的是纯凤梨酥，口感更为纯粹～趁着凤梨正当季，大家可以做起来哦！视频教程：L教你做凤梨酥 08  只要转发本微博评论一下对节目新风格的看法，我将在O6月12日22点通过@微博抽奖平台  抽出15盒亲手制作的凤梨酥送给你们哈～ ¡查看图片,6月11日 18:14
30,104,22,138,糊化不了的朋友，就是温度不够，以及不同粉吸水性的问题，所以这里给出3种调整的方法！ 我用的木薯淀粉是：泰国鳄鱼牌 1、混合木薯淀粉的水，大家试试温水吧～ 2、我这几天试了好几个牌子，的确有几个牌子就算用温水糊化了也是稀拉拉的，这样的话木薯淀粉增加到120克 3、戴手套操作，否则肯定粘手的,5月29日 16:52
31,258,181,356,#Tinrry下午茶# 冰晶小粽粽来啦～两种做法两个味道的馅料，还可以用水果替代～随时转换做法就几乎没有失败啦～快去买个原材料放假做来吃吃看喽～包粽子的方法特意剪得很详细，嗯～一定要学会呀～实在不想包的，用蒸熟再包的方法～包着馅料直接塞入口吧～L教你做冰晶粽 07【PS：新片头怎样？】,5月25日 21:04
32,119,18,247,#Tinrry下午茶# 《冰晶小粽粽》明天晚上发布，大家请留意，这里先给大家配方表～去买个材料吧～端午节前应该能收到～主要就是木薯淀粉和粽子叶，我买的是真空包装的～其它材料都是很容易买到的呢～,5月24日 23:22
33,30,13,62,我回答了 @jasmine0825 的问题，问题价值￥10.00，大家快来花1元围观~ O微博问答,5月23日 00:23
34,67,12,156,喝杯水水继续干活～多喝苏打水哈～#Tinrry下午茶# L秒拍视频,5月20日 16:09
35,70,8,188,吃饭啦～～你们吃了吗？#Tinrry下午茶# L微博视频,5月19日 18:56
36,173,11,328,不会拍照的人儿～哎～不知道咋办～～马卡龙成灾～～ L微博视频,5月18日 13:32
37,98,43,385,星空马卡龙～星星看不见～夜空太少总结：色素使劲放～这样才够美#Tinrry下午茶# L秒拍视频,5月17日 21:37
38,126,16,346,看官请吃～吃完早点睡啦～一年一度虐马季～总结：情愿烤久一些！烤黑了～也不要空心～完毕～#Tinrry下午茶#,5月16日 23:35
39,28,9,62,我回答了 @hello_yhuan 的问题，问题价值￥10.00，大家快来花1元围观~ O微博问答,5月16日 22:46
40,77,264,366,#Tinrry下午茶# 教你做香草舒芙蕾，这是《抹茶舒芙蕾》的姐妹篇，它味道非常特别，完全没有抹茶味，只有香草的味道，嗯，是的，我实在不知道怎么编了。另外视频还是没有我的样子哈。@鲜城 #不可辜负的美食# L秒拍视频,5月15日 22:20
41,126,2,320,今天你们带妈妈去吃了什么好吃的呀？？猜猜哪个是我？,5月14日 12:42
42,153,76,435,#Tinrry下午茶# 《冰晶小粽粽》花絮现在你们知道“冰晶小粽粽”为什么叫做“冰晶小粽粽”了吧？ L秒拍视频,5月12日 18:39
43,125,11,319,"我问你们哦为什么“冰晶小粽粽”叫做“冰晶小粽粽”？？#Tinrry下午茶#

昨天拍“冰晶粽”到四点多（我猜，今年我应该能赶上一个端午节的！）～刚吃了个午饭～现在整个人像个仙人一样～飘啊飘的昨晚我们还想要不要不睡了～hi起来去唱K但好像ktv也关门了～",5月12日 13:29
0,317,35,310,"置顶 O网页链接
我的第五本书《二狗妈妈的小厨房之美味小吃》，在这个美好的夜晚上架了～～～京东首发哟～～因货还在去京东库房的路上，还请等几天才会到您的手中哟～～因为库房距离沈阳距离有远有近，那收到货的时间也会不太一样，亲亲们耐心等待哈，别急哟～～～感谢@京东图书文娱 的大力支持！ ...展开全文c",2017-12-25 18:08
1,评论,转发,1,哈哈～～～莫名喜感～～～,4分钟前
2,2,转发,13,我在朋友圈里看到她们的辛苦与努力，初一晚上，我相信自己看这台春晚时，开始寻找主角身后的你们………加油，我的跳操老师～～,今天 06:58
3,评论,6,9,好棒～～～～,今天 06:11
4,1,1,8,好看呢～～,今天 06:10
5,评论,7,15,好美～～,今天 06:10
6,40,27,84,稻香村的方肉、拌紫甘蓝、水煮荷包蛋、老公熬的粥～～～～周三，早上好～～～～,今天 05:30
7,1,5,14,好赞～～,1月30日 23:05
8,6,4,18,超级厉害～～,1月30日 21:18
9,9,转发,13,我的跳操老师王一博，是一位非常努力的年轻人，如果您会操作的话，请去给他投一票哈～～～谢谢啦～～～O亚健体育-优秀团操学员投票评选丨暨丨推荐学...,1月30日 10:11
10,1,4,26,太可爱啦～～～～,1月30日 09:34
11,34,1,144,谢谢@柏翠电器官方微博 送我的新春礼物～～比心～～～,1月30日 06:15
12,1,3,14,厉害～～,1月30日 06:08
13,1,15,14,真棒～～,1月30日 06:07
14,5,3,3,挺好的～～,1月30日 06:07
15,1,11,12,啊呜，宝贝大口吃～～,1月30日 06:06
16,1,1,13,哈哈～～可爱～～～,1月30日 06:06
17,22,1,91,稻香村松仁小肚、芹菜炒豆腐丝、水煮荷包蛋、老公熬的粥～～～周二，早上好～～～～,1月30日 05:21
18,2,10,27,好厉害～～俩宝贝可爱的呀～～,1月29日 16:04
19,评论,5,14,可爱哟～～～,1月29日 11:28
20,4,12,23,好厉害～～～,1月29日 11:28
21,2,14,25,漂酿～～～～,1月29日 10:33
22,3,3,9,哇哦～～～好赞～～～,1月29日 09:52
23,1,5,23,哇哦～～～～太好看了～～～,1月29日 09:51
24,1,8,23,厉害～～,1月29日 06:52
25,3,2,13,其实挺好的呀～～～如果追求完美的可颂组织，请不要用我的方子，因为我不会～～～,1月29日 06:49
26,评论,1,14,可爱～～,1月29日 06:43
27,22,1,118,薏米杏鲍菇炖排骨、炒芹菜、水煮荷包蛋、老公熬的粥～～～周一，早上好～～～～,1月29日 05:24
28,34,5,156,卤牛肉、炒豆腐、拌紫甘蓝、水煮荷包蛋、老公熬的粥～～～～周日，早上好～～～～,1月28日 07:11
29,7,5,17,毛娃娃，快回家～～～,1月27日 23:54
30,13218,127,1732,数字蛋糕+心心相印蛋糕（奖：柏翠烤箱面包机/海氏/蓝带坊/味悠长/乐葵/菜菜妈） #一直播Time#L乖乖与臭臭的妈的一直播（下载App->O网页链接） 2北京,1月27日 20:00
31,117,334,580,数字蛋糕～～～～听说这位是现在的大网红，其实做法一点都不难哟～～国外流行过来的，人家是用饼干做的，到了咱国家，聪明能干的中国人民结合自己喜欢的口感，果断进行了改良～～是哒，饼干搭淡奶油和蛋糕搭淡奶油，您一定会和我一样，选择后者吧？为了搭配好看，您可以像我一样用可可蛋糕坯子，也可以 ...展开全文c,1月27日 18:45
32,4,14,31,真棒～～～,1月27日 18:42
33,3,14,18,真棒～～,1月27日 18:42
34,1,13,14,第五图有小可爱～～,1月27日 18:42
35,3,2,17,棒棒哒,1月27日 18:41
36,2,9,15,厉害～～,1月27日 18:41
37,3,16,19,超级棒～～,1月27日 18:41
38,2,5,11,多美好哇～～,1月27日 18:40
